case,seed,rule,weight,feature,abs_weight
true_positive,0,tp_mm_lag1 <= 0.00,-0.15815895062242438,tp_mm_lag1,0.15815895062242438
true_positive,0,msl_hpa_lag1 > 1021.83,-0.02094774922695155,msl_hpa_lag1,0.02094774922695155
true_positive,0,10.58 < t2m_c <= 15.62,0.019954969100696773,t2m_c,0.019954969100696773
true_positive,0,month_cos > 0.87,-0.01929798069186079,month_cos,0.01929798069186079
true_positive,0,0.83 < tcc <= 1.00,0.016153267244577985,tcc,0.016153267244577985
true_positive,0,msl_hpa_lag6 > 1021.83,-0.015255055698750823,msl_hpa_lag6,0.015255055698750823
true_positive,0,msl_hpa > 1021.83,-0.011661321651153302,msl_hpa,0.011661321651153302
true_positive,0,tcc_roll6_mean > 0.97,-0.01024331788122159,tcc_roll6_mean,0.01024331788122159
true_positive,0,0.00 < hour_sin <= 0.71,-0.008430458009603528,hour_sin,0.008430458009603528
true_positive,0,7.43 < d2m_c <= 11.73,0.006706314350430195,d2m_c,0.006706314350430195
true_positive,1,tp_mm_lag1 <= 0.00,-0.15828584951932437,tp_mm_lag1,0.15828584951932437
true_positive,1,0.83 < tcc <= 1.00,0.027110249361504156,tcc,0.027110249361504156
true_positive,1,msl_hpa_lag1 > 1021.83,-0.026711217137004573,msl_hpa_lag1,0.026711217137004573
true_positive,1,msl_hpa > 1021.83,-0.01698929815375734,msl_hpa,0.01698929815375734
true_positive,1,3.64 < wind_speed_10m_lag1 <= 5.02,0.014388607138083728,wind_speed_10m_lag1,0.014388607138083728
true_positive,1,month_cos > 0.87,-0.013432580570916995,month_cos,0.013432580570916995
true_positive,1,10.58 < t2m_c <= 15.62,0.012666296301499652,t2m_c,0.012666296301499652
true_positive,1,tcc_roll6_mean > 0.97,-0.012533094604458147,tcc_roll6_mean,0.012533094604458147
true_positive,1,msl_hpa_lag6 > 1021.83,-0.009955594282975818,msl_hpa_lag6,0.009955594282975818
true_positive,1,3.64 < wind_speed_10m_lag3 <= 5.02,-0.009794709277996944,wind_speed_10m_lag3,0.009794709277996944
true_positive,2,tp_mm_lag1 <= 0.00,-0.15500416378924411,tp_mm_lag1,0.15500416378924411
true_positive,2,msl_hpa_lag1 > 1021.83,-0.013840752064296526,msl_hpa_lag1,0.013840752064296526
true_positive,2,tcc_roll6_mean > 0.97,-0.013609006661651447,tcc_roll6_mean,0.013609006661651447
true_positive,2,10.58 < t2m_c <= 15.62,0.012338036540161848,t2m_c,0.012338036540161848
true_positive,2,0.83 < tcc <= 1.00,0.010676778250198887,tcc,0.010676778250198887
true_positive,2,5.00 < hour <= 11.00,-0.010350072863638347,hour,0.010350072863638347
true_positive,2,msl_hpa > 1021.83,-0.009480943769478625,msl_hpa,0.009480943769478625
true_positive,2,month_cos > 0.87,-0.008573402775624253,month_cos,0.008573402775624253
true_positive,2,7.43 < d2m_c <= 11.73,0.007822617117548027,d2m_c,0.007822617117548027
true_positive,2,hour_cos <= -0.71,0.007785715229249947,hour_cos,0.007785715229249947
true_positive,3,tp_mm_lag1 <= 0.00,-0.15338348979763097,tp_mm_lag1,0.15338348979763097
true_positive,3,10.58 < t2m_c <= 15.62,0.021035648241285752,t2m_c,0.021035648241285752
true_positive,3,0.83 < tcc <= 1.00,0.01986465490981424,tcc,0.01986465490981424
true_positive,3,msl_hpa_lag6 > 1021.83,-0.016619926880958927,msl_hpa_lag6,0.016619926880958927
true_positive,3,msl_hpa > 1021.83,-0.015656931435953318,msl_hpa,0.015656931435953318
true_positive,3,0.04 < tp_mm_roll24_sum <= 0.65,-0.014299383396590811,tp_mm_roll24_sum,0.014299383396590811
true_positive,3,msl_hpa_lag1 > 1021.83,-0.013867687230026387,msl_hpa_lag1,0.013867687230026387
true_positive,3,hour_cos <= -0.71,0.01118218815161262,hour_cos,0.01118218815161262
true_positive,3,tcc_lag1 > 1.00,0.00982046535565461,tcc_lag1,0.00982046535565461
true_positive,3,tcc_lag3 > 1.00,-0.009096472263610851,tcc_lag3,0.009096472263610851
true_positive,4,tp_mm_lag1 <= 0.00,-0.15632354889261893,tp_mm_lag1,0.15632354889261893
true_positive,4,msl_hpa_lag1 > 1021.83,-0.01932369344639811,msl_hpa_lag1,0.01932369344639811
true_positive,4,0.04 < tp_mm_roll24_sum <= 0.65,-0.016984508527300424,tp_mm_roll24_sum,0.016984508527300424
true_positive,4,msl_hpa > 1021.83,-0.013845255744123887,msl_hpa,0.013845255744123887
true_positive,4,0.83 < tcc <= 1.00,0.013808834176401103,tcc,0.013808834176401103
true_positive,4,msl_hpa_roll6_mean > 1021.81,-0.012506737055886586,msl_hpa_roll6_mean,0.012506737055886586
true_positive,4,tcc_roll6_mean > 0.97,-0.011653566355831129,tcc_roll6_mean,0.011653566355831129
true_positive,4,7.43 < d2m_c_roll6_mean <= 11.72,0.011593436124075394,d2m_c_roll6_mean,0.011593436124075394
true_positive,4,7.43 < d2m_c_lag3 <= 11.73,0.010409352498635487,d2m_c_lag3,0.010409352498635487
true_positive,4,hour_cos <= -0.71,0.01017147283021814,hour_cos,0.01017147283021814
true_positive,5,tp_mm_lag1 <= 0.00,-0.16107799377782617,tp_mm_lag1,0.16107799377782617
true_positive,5,msl_hpa > 1021.83,-0.018871735713467733,msl_hpa,0.018871735713467733
true_positive,5,msl_hpa_lag1 > 1021.83,-0.016216071810390763,msl_hpa_lag1,0.016216071810390763
true_positive,5,tcc_roll6_mean > 0.97,-0.01584234027013917,tcc_roll6_mean,0.01584234027013917
true_positive,5,7.43 < d2m_c <= 11.73,0.014729577649470494,d2m_c,0.014729577649470494
true_positive,5,tcc_lag3 > 1.00,-0.012292660057507527,tcc_lag3,0.012292660057507527
true_positive,5,0.83 < tcc <= 1.00,0.011832417783301491,tcc,0.011832417783301491
true_positive,5,v10 > 2.92,0.01166755952683783,v10,0.01166755952683783
true_positive,5,4.23 < wind_speed_10m_roll6_max <= 5.64,-0.00797564933603447,wind_speed_10m_roll6_max,0.00797564933603447
true_positive,5,tcc_lag1 > 1.00,0.007368868150286171,tcc_lag1,0.007368868150286171
true_positive,6,tp_mm_lag1 <= 0.00,-0.1674403345988714,tp_mm_lag1,0.1674403345988714
true_positive,6,0.83 < tcc <= 1.00,0.018378343699714673,tcc,0.018378343699714673
true_positive,6,msl_hpa_lag1 > 1021.83,-0.016843336243389337,msl_hpa_lag1,0.016843336243389337
true_positive,6,msl_hpa_lag6 > 1021.83,-0.01608540735928024,msl_hpa_lag6,0.01608540735928024
true_positive,6,tcc_roll6_mean > 0.97,-0.013077141909611775,tcc_roll6_mean,0.013077141909611775
true_positive,6,10.58 < t2m_c <= 15.62,0.012167582566265668,t2m_c,0.012167582566265668
true_positive,6,0.00 < tp_mm_lag3 <= 0.04,0.010502832006893236,tp_mm_lag3,0.010502832006893236
true_positive,6,hour_cos <= -0.71,0.009824584237901422,hour_cos,0.009824584237901422
true_positive,6,0.00 < hour_sin <= 0.71,-0.009503819999889572,hour_sin,0.009503819999889572
true_positive,6,msl_hpa_lag3 > 1021.83,-0.00944912973477676,msl_hpa_lag3,0.00944912973477676
true_positive,7,tp_mm_lag1 <= 0.00,-0.16029073644878294,tp_mm_lag1,0.16029073644878294
true_positive,7,msl_hpa_lag1 > 1021.83,-0.029014812086492967,msl_hpa_lag1,0.029014812086492967
true_positive,7,0.83 < tcc <= 1.00,0.015170821720875251,tcc,0.015170821720875251
true_positive,7,tcc_roll6_mean > 0.97,-0.013642881398822021,tcc_roll6_mean,0.013642881398822021
true_positive,7,5.00 < hour <= 11.00,-0.013506401491024349,hour,0.013506401491024349
true_positive,7,msl_hpa_lag6 > 1021.83,-0.01182380364675568,msl_hpa_lag6,0.01182380364675568
true_positive,7,0.00 < tp_mm_lag3 <= 0.04,0.01117362968946221,tp_mm_lag3,0.01117362968946221
true_positive,7,10.58 < t2m_c <= 15.62,0.011100028006781055,t2m_c,0.011100028006781055
true_positive,7,3.64 < wind_speed_10m_lag1 <= 5.02,0.01079250321407999,wind_speed_10m_lag1,0.01079250321407999
true_positive,7,msl_hpa > 1021.83,-0.00974932448219338,msl_hpa,0.00974932448219338
true_positive,8,tp_mm_lag1 <= 0.00,-0.15267977440895392,tp_mm_lag1,0.15267977440895392
true_positive,8,msl_hpa_lag1 > 1021.83,-0.02141763802905099,msl_hpa_lag1,0.02141763802905099
true_positive,8,msl_hpa_lag6 > 1021.83,-0.01863745938456906,msl_hpa_lag6,0.01863745938456906
true_positive,8,msl_hpa > 1021.83,-0.018508350035056974,msl_hpa,0.018508350035056974
true_positive,8,tcc_roll6_mean > 0.97,-0.014815661057706443,tcc_roll6_mean,0.014815661057706443
true_positive,8,sp_hpa > 1021.12,-0.01331185228791765,sp_hpa,0.01331185228791765
true_positive,8,hour_cos <= -0.71,0.010300528792550567,hour_cos,0.010300528792550567
true_positive,8,7.43 < d2m_c <= 11.73,0.010178035657107084,d2m_c,0.010178035657107084
true_positive,8,3.64 < wind_speed_10m_roll6_mean <= 4.98,0.008967270156477074,wind_speed_10m_roll6_mean,0.008967270156477074
true_positive,8,tcc_lag1 > 1.00,-0.008682273777776429,tcc_lag1,0.008682273777776429
true_positive,9,tp_mm_lag1 <= 0.00,-0.16047282596073734,tp_mm_lag1,0.16047282596073734
true_positive,9,msl_hpa_lag1 > 1021.83,-0.02378559269619902,msl_hpa_lag1,0.02378559269619902
true_positive,9,10.58 < t2m_c <= 15.62,0.01911230631289475,t2m_c,0.01911230631289475
true_positive,9,msl_hpa > 1021.83,-0.018713778490926467,msl_hpa,0.018713778490926467
true_positive,9,msl_hpa_lag3 > 1021.83,-0.017276959314431645,msl_hpa_lag3,0.017276959314431645
true_positive,9,hour_cos <= -0.71,0.016505100386522364,hour_cos,0.016505100386522364
true_positive,9,0.83 < tcc <= 1.00,0.014781743226121784,tcc,0.014781743226121784
true_positive,9,7.43 < d2m_c_roll6_mean <= 11.72,0.011463935319062368,d2m_c_roll6_mean,0.011463935319062368
true_positive,9,5.00 < hour <= 11.00,-0.010509750541782267,hour,0.010509750541782267
true_positive,9,sp_hpa > 1021.12,-0.010433620102919094,sp_hpa,0.010433620102919094
false_positive,0,tp_mm_lag1 <= 0.00,-0.1580948905274257,tp_mm_lag1,0.1580948905274257
false_positive,0,msl_hpa_lag1 > 1021.83,-0.021085874252261744,msl_hpa_lag1,0.021085874252261744
false_positive,0,10.58 < t2m_c <= 15.62,0.019988987932082068,t2m_c,0.019988987932082068
false_positive,0,month_cos > 0.87,-0.019358767696317745,month_cos,0.019358767696317745
false_positive,0,0.83 < tcc <= 1.00,0.016253520620455444,tcc,0.016253520620455444
false_positive,0,msl_hpa_lag6 > 1021.83,-0.015176837316189795,msl_hpa_lag6,0.015176837316189795
false_positive,0,msl_hpa > 1021.83,-0.011671694402554743,msl_hpa,0.011671694402554743
false_positive,0,tcc_roll6_mean > 0.97,-0.010331472795887425,tcc_roll6_mean,0.010331472795887425
false_positive,0,0.00 < hour_sin <= 0.71,-0.00854740564921309,hour_sin,0.00854740564921309
false_positive,0,7.43 < d2m_c <= 11.73,0.006556638071858963,d2m_c,0.006556638071858963
false_positive,1,tp_mm_lag1 <= 0.00,-0.15808478791000832,tp_mm_lag1,0.15808478791000832
false_positive,1,0.83 < tcc <= 1.00,0.02694330384942216,tcc,0.02694330384942216
false_positive,1,msl_hpa_lag1 > 1021.83,-0.026770921081963838,msl_hpa_lag1,0.026770921081963838
false_positive,1,msl_hpa > 1021.83,-0.017007372387380235,msl_hpa,0.017007372387380235
false_positive,1,3.64 < wind_speed_10m_lag1 <= 5.02,0.014234602629096527,wind_speed_10m_lag1,0.014234602629096527
false_positive,1,month_cos > 0.87,-0.013766340880088568,month_cos,0.013766340880088568
false_positive,1,10.58 < t2m_c <= 15.62,0.012809882553059225,t2m_c,0.012809882553059225
false_positive,1,tcc_roll6_mean > 0.97,-0.012330577457190501,tcc_roll6_mean,0.012330577457190501
false_positive,1,msl_hpa_lag6 > 1021.83,-0.01001232705095273,msl_hpa_lag6,0.01001232705095273
false_positive,1,3.64 < wind_speed_10m_lag3 <= 5.02,-0.00964650340682361,wind_speed_10m_lag3,0.00964650340682361
false_positive,2,tp_mm_lag1 <= 0.00,-0.15479175227359923,tp_mm_lag1,0.15479175227359923
false_positive,2,msl_hpa_lag1 > 1021.83,-0.013438606417406324,msl_hpa_lag1,0.013438606417406324
false_positive,2,tcc_roll6_mean > 0.97,-0.013367194535150735,tcc_roll6_mean,0.013367194535150735
false_positive,2,10.58 < t2m_c <= 15.62,0.012523946986755847,t2m_c,0.012523946986755847
false_positive,2,0.83 < tcc <= 1.00,0.01074127691338852,tcc,0.01074127691338852
false_positive,2,5.00 < hour <= 11.00,-0.009977207864478267,hour,0.009977207864478267
false_positive,2,msl_hpa > 1021.83,-0.009752731692403068,msl_hpa,0.009752731692403068
false_positive,2,0.83 < tcc_lag1 <= 1.00,-0.009705640422613794,tcc_lag1,0.009705640422613794
false_positive,2,month_cos > 0.87,-0.009012347619830665,month_cos,0.009012347619830665
false_positive,2,7.43 < d2m_c <= 11.73,0.007536342234279148,d2m_c,0.007536342234279148
false_positive,3,tp_mm_lag1 <= 0.00,-0.15358660880293012,tp_mm_lag1,0.15358660880293012
false_positive,3,10.58 < t2m_c <= 15.62,0.021058528997963004,t2m_c,0.021058528997963004
false_positive,3,0.83 < tcc <= 1.00,0.019958901447946032,tcc,0.019958901447946032
false_positive,3,msl_hpa_lag6 > 1021.83,-0.016672504968846827,msl_hpa_lag6,0.016672504968846827
false_positive,3,msl_hpa > 1021.83,-0.015600228611861219,msl_hpa,0.015600228611861219
false_positive,3,0.04 < tp_mm_roll24_sum <= 0.65,-0.014473222548299806,tp_mm_roll24_sum,0.014473222548299806
false_positive,3,msl_hpa_lag1 > 1021.83,-0.01373535949775198,msl_hpa_lag1,0.01373535949775198
false_positive,3,hour_cos <= -0.71,0.011597456906756513,hour_cos,0.011597456906756513
false_positive,3,month <= 4.00,0.007863450250084341,month,0.007863450250084341
false_positive,3,-0.00 < month_sin <= 0.50,0.007844406110897558,month_sin,0.007844406110897558
false_positive,4,tp_mm_lag1 <= 0.00,-0.15641080504935945,tp_mm_lag1,0.15641080504935945
false_positive,4,msl_hpa_lag1 > 1021.83,-0.01928998764672575,msl_hpa_lag1,0.01928998764672575
false_positive,4,0.04 < tp_mm_roll24_sum <= 0.65,-0.01675350674068325,tp_mm_roll24_sum,0.01675350674068325
false_positive,4,0.83 < tcc <= 1.00,0.01402004545474166,tcc,0.01402004545474166
false_positive,4,msl_hpa > 1021.83,-0.013813757340390564,msl_hpa,0.013813757340390564
false_positive,4,msl_hpa_roll6_mean > 1021.81,-0.01260429773310855,msl_hpa_roll6_mean,0.01260429773310855
false_positive,4,tcc_roll6_mean > 0.97,-0.011532609326513642,tcc_roll6_mean,0.011532609326513642
false_positive,4,7.43 < d2m_c_roll6_mean <= 11.72,0.011315471905264418,d2m_c_roll6_mean,0.011315471905264418
false_positive,4,7.43 < d2m_c_lag3 <= 11.73,0.010575403710299422,d2m_c_lag3,0.010575403710299422
false_positive,4,hour_cos <= -0.71,0.010508491794759356,hour_cos,0.010508491794759356
false_positive,5,tp_mm_lag1 <= 0.00,-0.161475707364251,tp_mm_lag1,0.161475707364251
false_positive,5,msl_hpa > 1021.83,-0.018944210321553516,msl_hpa,0.018944210321553516
false_positive,5,msl_hpa_lag1 > 1021.83,-0.016642735099334633,msl_hpa_lag1,0.016642735099334633
false_positive,5,tcc_roll6_mean > 0.97,-0.015985390685724795,tcc_roll6_mean,0.015985390685724795
false_positive,5,7.43 < d2m_c <= 11.73,0.0146143444474903,d2m_c,0.0146143444474903
false_positive,5,0.83 < tcc_lag3 <= 1.00,0.012308068494697655,tcc_lag3,0.012308068494697655
false_positive,5,v10 > 2.92,0.011986679410759126,v10,0.011986679410759126
false_positive,5,0.83 < tcc <= 1.00,0.011793728477986086,tcc,0.011793728477986086
false_positive,5,4.23 < wind_speed_10m_roll6_max <= 5.64,-0.007962849186647138,wind_speed_10m_roll6_max,0.007962849186647138
false_positive,5,5.00 < hour <= 11.00,0.00794308531125621,hour,0.00794308531125621
false_positive,6,tp_mm_lag1 <= 0.00,-0.16743317516072478,tp_mm_lag1,0.16743317516072478
false_positive,6,0.00 < tp_mm_lag3 <= 0.00,0.03271350154764652,tp_mm_lag3,0.03271350154764652
false_positive,6,0.83 < tcc <= 1.00,0.018452451022536412,tcc,0.018452451022536412
false_positive,6,msl_hpa_lag1 > 1021.83,-0.016946735729672913,msl_hpa_lag1,0.016946735729672913
false_positive,6,msl_hpa_lag6 > 1021.83,-0.016014333242870177,msl_hpa_lag6,0.016014333242870177
false_positive,6,tcc_roll6_mean > 0.97,-0.013175344412160032,tcc_roll6_mean,0.013175344412160032
false_positive,6,10.58 < t2m_c <= 15.62,0.012425483709772455,t2m_c,0.012425483709772455
false_positive,6,hour_cos <= -0.71,0.009940542207130833,hour_cos,0.009940542207130833
false_positive,6,msl_hpa_lag3 > 1021.83,-0.009274305244543013,msl_hpa_lag3,0.009274305244543013
false_positive,6,0.00 < hour_sin <= 0.71,-0.009220797751823842,hour_sin,0.009220797751823842
false_positive,7,tp_mm_lag1 <= 0.00,-0.16003338689645286,tp_mm_lag1,0.16003338689645286
false_positive,7,msl_hpa_lag1 > 1021.83,-0.028567403367162122,msl_hpa_lag1,0.028567403367162122
false_positive,7,0.83 < tcc <= 1.00,0.015372728740824277,tcc,0.015372728740824277
false_positive,7,tcc_roll6_mean > 0.97,-0.013687470598598081,tcc_roll6_mean,0.013687470598598081
false_positive,7,5.00 < hour <= 11.00,-0.013436160037160746,hour,0.013436160037160746
false_positive,7,0.00 < tp_mm_lag3 <= 0.00,-0.013092147132950191,tp_mm_lag3,0.013092147132950191
false_positive,7,msl_hpa_lag6 > 1021.83,-0.01186790671394839,msl_hpa_lag6,0.01186790671394839
false_positive,7,10.58 < t2m_c <= 15.62,0.011207899605446043,t2m_c,0.011207899605446043
false_positive,7,3.64 < wind_speed_10m_lag1 <= 5.02,0.01064557056489796,wind_speed_10m_lag1,0.01064557056489796
false_positive,7,msl_hpa > 1021.83,-0.009273247513214974,msl_hpa,0.009273247513214974
false_positive,8,tp_mm_lag1 <= 0.00,-0.15270178146183724,tp_mm_lag1,0.15270178146183724
false_positive,8,msl_hpa_lag1 > 1021.83,-0.021284752756675643,msl_hpa_lag1,0.021284752756675643
false_positive,8,msl_hpa_lag6 > 1021.83,-0.01870132597624799,msl_hpa_lag6,0.01870132597624799
false_positive,8,msl_hpa > 1021.83,-0.0184503034960742,msl_hpa,0.0184503034960742
false_positive,8,tcc_roll6_mean > 0.97,-0.014621479439730497,tcc_roll6_mean,0.014621479439730497
false_positive,8,sp_hpa > 1021.12,-0.013251133815466175,sp_hpa,0.013251133815466175
false_positive,8,hour_cos <= -0.71,0.010310881346943863,hour_cos,0.010310881346943863
false_positive,8,7.43 < d2m_c <= 11.73,0.01027672962232992,d2m_c,0.01027672962232992
false_positive,8,3.64 < wind_speed_10m_roll6_mean <= 4.98,0.008674246216433422,wind_speed_10m_roll6_mean,0.008674246216433422
false_positive,8,v10 > 2.92,0.00795660518377696,v10,0.00795660518377696
false_positive,9,tp_mm_lag1 <= 0.00,-0.15995259324852013,tp_mm_lag1,0.15995259324852013
false_positive,9,msl_hpa_lag1 > 1021.83,-0.024043842886712748,msl_hpa_lag1,0.024043842886712748
false_positive,9,10.58 < t2m_c <= 15.62,0.019225802297558083,t2m_c,0.019225802297558083
false_positive,9,msl_hpa > 1021.83,-0.018487930076542845,msl_hpa,0.018487930076542845
false_positive,9,0.00 < tp_mm_lag3 <= 0.00,-0.018090628037278098,tp_mm_lag3,0.018090628037278098
false_positive,9,msl_hpa_lag3 > 1021.83,-0.01685532844619943,msl_hpa_lag3,0.01685532844619943
false_positive,9,hour_cos <= -0.71,0.016694145306806737,hour_cos,0.016694145306806737
false_positive,9,0.83 < tcc <= 1.00,0.014503089323455278,tcc,0.014503089323455278
false_positive,9,7.43 < d2m_c_roll6_mean <= 11.72,0.011878677068745123,d2m_c_roll6_mean,0.011878677068745123
false_positive,9,sp_hpa > 1021.12,-0.01086859602402369,sp_hpa,0.01086859602402369
false_negative,0,0.00 < tp_mm_lag1 <= 0.00,-0.08709175127323093,tp_mm_lag1,0.08709175127323093
false_negative,0,msl_hpa_lag1 > 1021.83,-0.02169126552940443,msl_hpa_lag1,0.02169126552940443
false_negative,0,10.58 < t2m_c <= 15.62,0.020270801829550027,t2m_c,0.020270801829550027
false_negative,0,msl_hpa_lag6 > 1021.83,-0.016568405126526485,msl_hpa_lag6,0.016568405126526485
false_negative,0,0.00 < tp_mm_roll6_sum <= 0.03,-0.01559120937951613,tp_mm_roll6_sum,0.01559120937951613
false_negative,0,0.83 < tcc <= 1.00,0.013314636969943037,tcc,0.013314636969943037
false_negative,0,month_cos > 0.87,-0.013309990027743185,month_cos,0.013309990027743185
false_negative,0,hour_cos <= -0.71,0.011669420055510756,hour_cos,0.011669420055510756
false_negative,0,msl_hpa > 1021.83,-0.011639126874919185,msl_hpa,0.011639126874919185
false_negative,0,tp_mm_lag3 <= 0.00,0.011296964438768799,tp_mm_lag3,0.011296964438768799
false_negative,1,0.00 < tp_mm_lag1 <= 0.00,-0.08683715526140627,tp_mm_lag1,0.08683715526140627
false_negative,1,0.83 < tcc <= 1.00,0.03069707827137932,tcc,0.03069707827137932
false_negative,1,msl_hpa_lag1 > 1021.83,-0.02975818208994645,msl_hpa_lag1,0.02975818208994645
false_negative,1,msl_hpa > 1021.83,-0.021178068954889506,msl_hpa,0.021178068954889506
false_negative,1,0.00 < tp_mm_roll6_sum <= 0.03,-0.02051413064892909,tp_mm_roll6_sum,0.02051413064892909
false_negative,1,month_cos > 0.87,-0.01713042593179084,month_cos,0.01713042593179084
false_negative,1,7.43 < d2m_c_lag3 <= 11.73,0.015374618554717886,d2m_c_lag3,0.015374618554717886
false_negative,1,3.64 < wind_speed_10m_lag1 <= 5.02,0.014706617188840157,wind_speed_10m_lag1,0.014706617188840157
false_negative,1,10.58 < t2m_c <= 15.62,0.011533608096265389,t2m_c,0.011533608096265389
false_negative,1,tcc_roll6_mean > 0.97,-0.011024626935107956,tcc_roll6_mean,0.011024626935107956
false_negative,2,0.00 < tp_mm_lag1 <= 0.00,-0.08149862450037623,tp_mm_lag1,0.08149862450037623
false_negative,2,msl_hpa_lag1 > 1021.83,-0.019618703233499346,msl_hpa_lag1,0.019618703233499346
false_negative,2,0.83 < tcc <= 1.00,0.01417006643537428,tcc,0.01417006643537428
false_negative,2,10.58 < t2m_c <= 15.62,0.013482839883728743,t2m_c,0.013482839883728743
false_negative,2,tp_mm_lag3 <= 0.00,0.010666328837050792,tp_mm_lag3,0.010666328837050792
false_negative,2,7.43 < d2m_c <= 11.73,0.009853171235722035,d2m_c,0.009853171235722035
false_negative,2,tcc_roll6_mean > 0.97,-0.009740128815677113,tcc_roll6_mean,0.009740128815677113
false_negative,2,0.04 < tp_mm_roll24_sum <= 0.65,-0.007971571769755773,tp_mm_roll24_sum,0.007971571769755773
false_negative,2,3.64 < wind_speed_10m_roll6_mean <= 4.98,-0.007246927153780744,wind_speed_10m_roll6_mean,0.007246927153780744
false_negative,2,v10 > 2.92,-0.00688477854831823,v10,0.00688477854831823
false_negative,3,0.00 < tp_mm_lag1 <= 0.00,-0.07543564135551535,tp_mm_lag1,0.07543564135551535
false_negative,3,0.83 < tcc <= 1.00,0.0219500518458195,tcc,0.0219500518458195
false_negative,3,10.58 < t2m_c <= 15.62,0.021629957292622945,t2m_c,0.021629957292622945
false_negative,3,msl_hpa_lag1 > 1021.83,-0.014703984491961742,msl_hpa_lag1,0.014703984491961742
false_negative,3,msl_hpa_lag6 > 1021.83,-0.013568556518872269,msl_hpa_lag6,0.013568556518872269
false_negative,3,0.04 < tp_mm_roll24_sum <= 0.65,-0.012728740636745698,tp_mm_roll24_sum,0.012728740636745698
false_negative,3,msl_hpa > 1021.83,-0.012690022488875718,msl_hpa,0.012690022488875718
false_negative,3,tcc_lag3 > 1.00,-0.011517933657934295,tcc_lag3,0.011517933657934295
false_negative,3,tp_mm_lag3 <= 0.00,0.010942102030309903,tp_mm_lag3,0.010942102030309903
false_negative,3,0.00 < hour_sin <= 0.71,0.009604429513510877,hour_sin,0.009604429513510877
false_negative,4,0.00 < tp_mm_lag1 <= 0.00,-0.08754146926695633,tp_mm_lag1,0.08754146926695633
false_negative,4,msl_hpa_lag1 > 1021.83,-0.02005811858729678,msl_hpa_lag1,0.02005811858729678
false_negative,4,0.04 < tp_mm_roll24_sum <= 0.65,-0.01813443290355444,tp_mm_roll24_sum,0.01813443290355444
false_negative,4,tcc_roll6_mean > 0.97,-0.0171740205533371,tcc_roll6_mean,0.0171740205533371
false_negative,4,7.43 < d2m_c_roll6_mean <= 11.72,0.014568639973396781,d2m_c_roll6_mean,0.014568639973396781
false_negative,4,0.83 < tcc <= 1.00,0.013638374347757998,tcc,0.013638374347757998
false_negative,4,0.00 < tp_mm_roll6_sum <= 0.03,-0.013207256731859183,tp_mm_roll6_sum,0.013207256731859183
false_negative,4,month <= 4.00,0.012751564348724244,month,0.012751564348724244
false_negative,4,7.43 < d2m_c_lag3 <= 11.73,0.012729618650348095,d2m_c_lag3,0.012729618650348095
false_negative,4,tp_mm_lag3 <= 0.00,0.012576975443719645,tp_mm_lag3,0.012576975443719645
false_negative,5,0.00 < tp_mm_lag1 <= 0.00,-0.0888908360999819,tp_mm_lag1,0.0888908360999819
false_negative,5,0.00 < tp_mm_roll6_sum <= 0.03,-0.023501642796391914,tp_mm_roll6_sum,0.023501642796391914
false_negative,5,tcc_lag3 > 1.00,-0.016355655245460114,tcc_lag3,0.016355655245460114
false_negative,5,msl_hpa > 1021.83,-0.0152416942623562,msl_hpa,0.0152416942623562
false_negative,5,msl_hpa_lag1 > 1021.83,-0.014781224565364718,msl_hpa_lag1,0.014781224565364718
false_negative,5,7.43 < d2m_c <= 11.73,0.014103085981632844,d2m_c,0.014103085981632844
false_negative,5,v10 > 2.92,0.013653590652442534,v10,0.013653590652442534
false_negative,5,tcc_roll6_mean > 0.97,-0.013540594311452521,tcc_roll6_mean,0.013540594311452521
false_negative,5,4.23 < wind_speed_10m_roll6_max <= 5.64,-0.011580426526572627,wind_speed_10m_roll6_max,0.011580426526572627
false_negative,5,0.83 < tcc <= 1.00,0.011508051023990978,tcc,0.011508051023990978
false_negative,6,0.00 < tp_mm_lag1 <= 0.00,-0.09212408298705561,tp_mm_lag1,0.09212408298705561
false_negative,6,0.83 < tcc <= 1.00,0.01979046567599788,tcc,0.01979046567599788
false_negative,6,0.00 < tp_mm_roll6_sum <= 0.03,-0.01832554779600263,tp_mm_roll6_sum,0.01832554779600263
false_negative,6,msl_hpa_lag1 > 1021.83,-0.017895242512375446,msl_hpa_lag1,0.017895242512375446
false_negative,6,msl_hpa_lag6 > 1021.83,-0.014886185577223727,msl_hpa_lag6,0.014886185577223727
false_negative,6,hour_cos <= -0.71,0.013450311740119009,hour_cos,0.013450311740119009
false_negative,6,sp_hpa > 1021.12,-0.012438509194456113,sp_hpa,0.012438509194456113
false_negative,6,10.58 < t2m_c <= 15.62,0.011889354643667293,t2m_c,0.011889354643667293
false_negative,6,tcc_roll6_mean > 0.97,-0.010982512212050547,tcc_roll6_mean,0.010982512212050547
false_negative,6,0.00 < hour_sin <= 0.71,-0.009820604652696767,hour_sin,0.009820604652696767
false_negative,7,0.00 < tp_mm_lag1 <= 0.00,-0.08620316786457288,tp_mm_lag1,0.08620316786457288
false_negative,7,msl_hpa_lag1 > 1021.83,-0.026559677574749533,msl_hpa_lag1,0.026559677574749533
false_negative,7,0.00 < tp_mm_roll6_sum <= 0.03,-0.023566264385726825,tp_mm_roll6_sum,0.023566264385726825
false_negative,7,5.00 < hour <= 11.00,-0.014936585349907475,hour,0.014936585349907475
false_negative,7,0.83 < tcc <= 1.00,0.012451631574679298,tcc,0.012451631574679298
false_negative,7,msl_hpa_lag6 > 1021.83,-0.012086678690149861,msl_hpa_lag6,0.012086678690149861
false_negative,7,tcc_roll6_mean > 0.97,-0.011878998698753925,tcc_roll6_mean,0.011878998698753925
false_negative,7,10.58 < t2m_c <= 15.62,0.011153921667769006,t2m_c,0.011153921667769006
false_negative,7,3.64 < wind_speed_10m_lag1 <= 5.02,0.0111414189128201,wind_speed_10m_lag1,0.0111414189128201
false_negative,7,0.00 < tp_mm_lag6 <= 0.04,0.01027759384495622,tp_mm_lag6,0.01027759384495622
false_negative,8,0.00 < tp_mm_lag1 <= 0.00,-0.08370339692159155,tp_mm_lag1,0.08370339692159155
false_negative,8,msl_hpa > 1021.83,-0.02299536554641006,msl_hpa,0.02299536554641006
false_negative,8,0.00 < tp_mm_roll6_sum <= 0.03,-0.021714259460235384,tp_mm_roll6_sum,0.021714259460235384
false_negative,8,msl_hpa_lag1 > 1021.83,-0.021138299684357202,msl_hpa_lag1,0.021138299684357202
false_negative,8,msl_hpa_lag6 > 1021.83,-0.017598810304395515,msl_hpa_lag6,0.017598810304395515
false_negative,8,tp_mm_lag3 <= 0.00,0.01631308832485792,tp_mm_lag3,0.01631308832485792
false_negative,8,tcc_roll6_mean > 0.97,-0.014741196857580035,tcc_roll6_mean,0.014741196857580035
false_negative,8,7.43 < d2m_c_roll6_mean <= 11.72,0.009268138840987858,d2m_c_roll6_mean,0.009268138840987858
false_negative,8,v10 > 2.92,0.009159598260470376,v10,0.009159598260470376
false_negative,8,7.43 < d2m_c <= 11.73,0.009111608785502847,d2m_c,0.009111608785502847
false_negative,9,0.00 < tp_mm_lag1 <= 0.00,-0.07957867668860232,tp_mm_lag1,0.07957867668860232
false_negative,9,10.58 < t2m_c <= 15.62,0.02101215656336948,t2m_c,0.02101215656336948
false_negative,9,msl_hpa_lag1 > 1021.83,-0.019750136300001827,msl_hpa_lag1,0.019750136300001827
false_negative,9,msl_hpa > 1021.83,-0.017630261890661206,msl_hpa,0.017630261890661206
false_negative,9,sp_hpa > 1021.12,-0.016863559682804143,sp_hpa,0.016863559682804143
false_negative,9,0.00 < tp_mm_roll6_sum <= 0.03,-0.016563206633917124,tp_mm_roll6_sum,0.016563206633917124
false_negative,9,7.43 < d2m_c_roll6_mean <= 11.72,0.015500692022313243,d2m_c_roll6_mean,0.015500692022313243
false_negative,9,msl_hpa_lag3 > 1021.83,-0.015008899286696943,msl_hpa_lag3,0.015008899286696943
false_negative,9,hour_cos <= -0.71,0.01349741344045102,hour_cos,0.01349741344045102
false_negative,9,0.83 < tcc <= 1.00,0.013179855685921586,tcc,0.013179855685921586
true_negative,0,0.00 < tp_mm_lag1 <= 0.00,-0.08531662375002474,tp_mm_lag1,0.08531662375002474
true_negative,0,msl_hpa_lag1 > 1021.83,-0.02202902319949058,msl_hpa_lag1,0.02202902319949058
true_negative,0,10.58 < t2m_c <= 15.62,0.02080006059328326,t2m_c,0.02080006059328326
true_negative,0,msl_hpa_lag6 > 1021.83,-0.016580145693667444,msl_hpa_lag6,0.016580145693667444
true_negative,0,1015.94 < msl_hpa <= 1021.83,-0.015352570830906702,msl_hpa,0.015352570830906702
true_negative,0,0.00 < tp_mm_roll6_sum <= 0.03,-0.0146120350523651,tp_mm_roll6_sum,0.0146120350523651
true_negative,0,0.83 < tcc <= 1.00,0.013976321146085045,tcc,0.013976321146085045
true_negative,0,month_cos > 0.87,-0.0128623891885087,month_cos,0.0128623891885087
true_negative,0,1015.23 < sp_hpa <= 1021.12,-0.012569164576157128,sp_hpa,0.012569164576157128
true_negative,0,tp_mm_lag3 <= 0.00,0.011284741597655192,tp_mm_lag3,0.011284741597655192
true_negative,1,0.00 < tp_mm_lag1 <= 0.00,-0.08667236567232961,tp_mm_lag1,0.08667236567232961
true_negative,1,0.83 < tcc <= 1.00,0.03060070785241133,tcc,0.03060070785241133
true_negative,1,msl_hpa_lag1 > 1021.83,-0.029352357332826103,msl_hpa_lag1,0.029352357332826103
true_negative,1,0.00 < tp_mm_roll6_sum <= 0.03,-0.020903333658177144,tp_mm_roll6_sum,0.020903333658177144
true_negative,1,month_cos > 0.87,-0.017661200388311826,month_cos,0.017661200388311826
true_negative,1,7.43 < d2m_c_lag3 <= 11.73,0.015230270079633854,d2m_c_lag3,0.015230270079633854
true_negative,1,3.64 < wind_speed_10m_lag1 <= 5.02,0.015151090087374992,wind_speed_10m_lag1,0.015151090087374992
true_negative,1,10.58 < t2m_c <= 15.62,0.011482538062327227,t2m_c,0.011482538062327227
true_negative,1,-0.71 < hour_sin <= 0.00,-0.011354813118119114,hour_sin,0.011354813118119114
true_negative,1,tcc_roll6_mean > 0.97,-0.010386714938670437,tcc_roll6_mean,0.010386714938670437
true_negative,2,0.00 < tp_mm_lag1 <= 0.00,-0.08136391931825529,tp_mm_lag1,0.08136391931825529
true_negative,2,msl_hpa_lag1 > 1021.83,-0.019446110553103857,msl_hpa_lag1,0.019446110553103857
true_negative,2,1015.94 < msl_hpa <= 1021.83,-0.01934768147747711,msl_hpa,0.01934768147747711
true_negative,2,0.83 < tcc <= 1.00,0.014077834428936904,tcc,0.014077834428936904
true_negative,2,10.58 < t2m_c <= 15.62,0.012734296330002887,t2m_c,0.012734296330002887
true_negative,2,tp_mm_lag3 <= 0.00,0.010658772127560575,tp_mm_lag3,0.010658772127560575
true_negative,2,tcc_roll6_mean > 0.97,-0.009905263461061737,tcc_roll6_mean,0.009905263461061737
true_negative,2,7.43 < d2m_c <= 11.73,0.009563690043539408,d2m_c,0.009563690043539408
true_negative,2,0.04 < tp_mm_roll24_sum <= 0.65,-0.008416498497708997,tp_mm_roll24_sum,0.008416498497708997
true_negative,2,3.64 < wind_speed_10m_roll6_mean <= 4.98,-0.007808924238413655,wind_speed_10m_roll6_mean,0.007808924238413655
true_negative,3,0.00 < tp_mm_lag1 <= 0.00,-0.07622129664404363,tp_mm_lag1,0.07622129664404363
true_negative,3,0.83 < tcc <= 1.00,0.022077771473960926,tcc,0.022077771473960926
true_negative,3,10.58 < t2m_c <= 15.62,0.02148264831929383,t2m_c,0.02148264831929383
true_negative,3,msl_hpa_lag1 > 1021.83,-0.014067615505212898,msl_hpa_lag1,0.014067615505212898
true_negative,3,msl_hpa_lag6 > 1021.83,-0.013509645625931134,msl_hpa_lag6,0.013509645625931134
true_negative,3,0.04 < tp_mm_roll24_sum <= 0.65,-0.012437824854459226,tp_mm_roll24_sum,0.012437824854459226
true_negative,3,11.00 < hour <= 17.00,0.01058046198869315,hour,0.01058046198869315
true_negative,3,tp_mm_lag3 <= 0.00,0.010478328994072557,tp_mm_lag3,0.010478328994072557
true_negative,3,1015.23 < sp_hpa <= 1021.12,-0.00987653125518115,sp_hpa,0.00987653125518115
true_negative,3,0.00 < tp_mm_roll6_sum <= 0.03,-0.009082149754857799,tp_mm_roll6_sum,0.009082149754857799
true_negative,4,0.00 < tp_mm_lag1 <= 0.00,-0.08758509252782261,tp_mm_lag1,0.08758509252782261
true_negative,4,msl_hpa_lag1 > 1021.83,-0.02012620156851198,msl_hpa_lag1,0.02012620156851198
true_negative,4,0.04 < tp_mm_roll24_sum <= 0.65,-0.01824499256595152,tp_mm_roll24_sum,0.01824499256595152
true_negative,4,tcc_roll6_mean > 0.97,-0.017210605149321066,tcc_roll6_mean,0.017210605149321066
true_negative,4,7.43 < d2m_c_roll6_mean <= 11.72,0.014376929011127791,d2m_c_roll6_mean,0.014376929011127791
true_negative,4,0.83 < tcc <= 1.00,0.01387323611639175,tcc,0.01387323611639175
true_negative,4,7.43 < d2m_c_lag3 <= 11.73,0.013317781172953735,d2m_c_lag3,0.013317781172953735
true_negative,4,0.00 < tp_mm_roll6_sum <= 0.03,-0.012977598841872622,tp_mm_roll6_sum,0.012977598841872622
true_negative,4,tp_mm_lag3 <= 0.00,0.012727308858345067,tp_mm_lag3,0.012727308858345067
true_negative,4,month <= 4.00,0.012606798591348951,month,0.012606798591348951
true_negative,5,0.00 < tp_mm_lag1 <= 0.00,-0.08736450527148137,tp_mm_lag1,0.08736450527148137
true_negative,5,0.00 < tp_mm_roll6_sum <= 0.03,-0.023844665125628207,tp_mm_roll6_sum,0.023844665125628207
true_negative,5,1015.23 < sp_hpa <= 1021.12,-0.017301833049611335,sp_hpa,0.017301833049611335
true_negative,5,0.83 < tcc_lag3 <= 1.00,0.015426869196651241,tcc_lag3,0.015426869196651241
true_negative,5,msl_hpa_lag1 > 1021.83,-0.014553444251539026,msl_hpa_lag1,0.014553444251539026
true_negative,5,7.43 < d2m_c <= 11.73,0.014235646235197266,d2m_c,0.014235646235197266
true_negative,5,v10 > 2.92,0.014228366231286364,v10,0.014228366231286364
true_negative,5,tcc_roll6_mean > 0.97,-0.013643856415669361,tcc_roll6_mean,0.013643856415669361
true_negative,5,4.23 < wind_speed_10m_roll6_max <= 5.64,-0.011981502202530834,wind_speed_10m_roll6_max,0.011981502202530834
true_negative,5,0.83 < tcc <= 1.00,0.010777020082023511,tcc,0.010777020082023511
true_negative,6,0.00 < tp_mm_lag1 <= 0.00,-0.09330226424864636,tp_mm_lag1,0.09330226424864636
true_negative,6,0.83 < tcc <= 1.00,0.01988120237264894,tcc,0.01988120237264894
true_negative,6,msl_hpa_lag1 > 1021.83,-0.017987353542259416,msl_hpa_lag1,0.017987353542259416
true_negative,6,0.00 < tp_mm_roll6_sum <= 0.03,-0.017893017057127772,tp_mm_roll6_sum,0.017893017057127772
true_negative,6,msl_hpa_lag6 > 1021.83,-0.014721834662996827,msl_hpa_lag6,0.014721834662996827
true_negative,6,1015.94 < msl_hpa <= 1021.83,-0.014391544658440586,msl_hpa,0.014391544658440586
true_negative,6,hour_cos <= -0.71,0.012809278212525732,hour_cos,0.012809278212525732
true_negative,6,10.58 < t2m_c <= 15.62,0.01181046808994042,t2m_c,0.01181046808994042
true_negative,6,tcc_roll6_mean > 0.97,-0.01102725964995793,tcc_roll6_mean,0.01102725964995793
true_negative,6,0.00 < tp_mm_lag6 <= 0.04,-0.009636728937939945,tp_mm_lag6,0.009636728937939945
true_negative,7,0.00 < tp_mm_lag1 <= 0.00,-0.08612474595904789,tp_mm_lag1,0.08612474595904789
true_negative,7,msl_hpa_lag1 > 1021.83,-0.026360011680472483,msl_hpa_lag1,0.026360011680472483
true_negative,7,0.00 < tp_mm_roll6_sum <= 0.03,-0.02369844985749272,tp_mm_roll6_sum,0.02369844985749272
true_negative,7,1015.94 < msl_hpa <= 1021.83,-0.01749131858529433,msl_hpa,0.01749131858529433
true_negative,7,11.00 < hour <= 17.00,0.017263809309975366,hour,0.017263809309975366
true_negative,7,msl_hpa_lag6 > 1021.83,-0.012593890967399416,msl_hpa_lag6,0.012593890967399416
true_negative,7,0.83 < tcc <= 1.00,0.011955233254762904,tcc,0.011955233254762904
true_negative,7,tcc_roll6_mean > 0.97,-0.011640630060081996,tcc_roll6_mean,0.011640630060081996
true_negative,7,10.58 < t2m_c <= 15.62,0.01148176604652844,t2m_c,0.01148176604652844
true_negative,7,3.64 < wind_speed_10m_lag1 <= 5.02,0.011321598307966044,wind_speed_10m_lag1,0.011321598307966044
true_negative,8,0.00 < tp_mm_lag1 <= 0.00,-0.08349875287835712,tp_mm_lag1,0.08349875287835712
true_negative,8,0.00 < tp_mm_roll6_sum <= 0.03,-0.021432676255086772,tp_mm_roll6_sum,0.021432676255086772
true_negative,8,msl_hpa_lag1 > 1021.83,-0.021339844427574323,msl_hpa_lag1,0.021339844427574323
true_negative,8,1015.94 < msl_hpa <= 1021.83,-0.019274295148701277,msl_hpa,0.019274295148701277
true_negative,8,msl_hpa_lag6 > 1021.83,-0.017035359169050957,msl_hpa_lag6,0.017035359169050957
true_negative,8,tp_mm_lag3 <= 0.00,0.016324543593369656,tp_mm_lag3,0.016324543593369656
true_negative,8,tcc_roll6_mean > 0.97,-0.015045560386515784,tcc_roll6_mean,0.015045560386515784
true_negative,8,4.23 < wind_speed_10m_roll6_max <= 5.64,-0.009668570307922569,wind_speed_10m_roll6_max,0.009668570307922569
true_negative,8,v10 > 2.92,0.00918374580144471,v10,0.00918374580144471
true_negative,8,7.43 < d2m_c_roll6_mean <= 11.72,0.008887228759749588,d2m_c_roll6_mean,0.008887228759749588
true_negative,9,0.00 < tp_mm_lag1 <= 0.00,-0.08157856478650424,tp_mm_lag1,0.08157856478650424
true_negative,9,10.58 < t2m_c <= 15.62,0.02027329906567318,t2m_c,0.02027329906567318
true_negative,9,msl_hpa_lag1 > 1021.83,-0.019985668138917747,msl_hpa_lag1,0.019985668138917747
true_negative,9,-0.71 < hour_sin <= 0.00,0.017986759494292254,hour_sin,0.017986759494292254
true_negative,9,0.00 < tp_mm_roll6_sum <= 0.03,-0.017073964427908102,tp_mm_roll6_sum,0.017073964427908102
true_negative,9,7.43 < d2m_c_roll6_mean <= 11.72,0.015523822194449805,d2m_c_roll6_mean,0.015523822194449805
true_negative,9,msl_hpa_lag3 > 1021.83,-0.01517998765124644,msl_hpa_lag3,0.01517998765124644
true_negative,9,hour_cos <= -0.71,0.013165426132389179,hour_cos,0.013165426132389179
true_negative,9,0.83 < tcc <= 1.00,0.012259992251105268,tcc,0.012259992251105268
true_negative,9,3.64 < wind_speed_10m_lag1 <= 5.02,0.010677206035431127,wind_speed_10m_lag1,0.010677206035431127
