case,seed,feature,weight,abs_weight,rank
true_positive,0,t2m_c,-0.06807303,0.06807303,13.0
true_positive,0,d2m_c,-0.2258903,0.2258903,4.0
true_positive,0,msl_hpa,-0.3315058,0.3315058,3.0
true_positive,0,sp_hpa,-0.15371749,0.15371749,6.0
true_positive,0,tcc,0.015057227,0.015057227,26.0
true_positive,0,u10,-0.021068532,0.021068532,23.0
true_positive,0,v10,-0.0212217,0.0212217,22.0
true_positive,0,wind_speed_10m,-0.003882262,0.003882262,30.0
true_positive,0,month,0.0027118474,0.0027118474,31.0
true_positive,0,dayofyear,0.045315128,0.045315128,17.0
true_positive,0,hour,-0.11370155,0.11370155,7.0
true_positive,0,month_sin,0.0016149253,0.0016149253,33.0
true_positive,0,month_cos,-0.06303772,0.06303772,14.0
true_positive,0,hour_sin,-0.078589775,0.078589775,11.0
true_positive,0,hour_cos,0.030326454,0.030326454,20.0
true_positive,0,msl_hpa_lag1,-0.21698469,0.21698469,5.0
true_positive,0,msl_hpa_lag3,-0.05112066,0.05112066,15.0
true_positive,0,msl_hpa_lag6,-0.035982966,0.035982966,19.0
true_positive,0,d2m_c_lag1,-0.07840231,0.07840231,12.0
true_positive,0,d2m_c_lag3,-0.0047739833,0.0047739833,27.0
true_positive,0,tcc_lag1,0.0027065412,0.0027065412,32.0
true_positive,0,tcc_lag3,-0.018068956,0.018068956,25.0
true_positive,0,wind_speed_10m_lag1,-0.0009854579,0.0009854579,34.0
true_positive,0,wind_speed_10m_lag3,-0.0043131094,0.0043131094,29.0
true_positive,0,tp_mm_lag1,-2.7819166,2.7819166,1.0
true_positive,0,tp_mm_lag3,0.105351426,0.105351426,8.0
true_positive,0,tp_mm_lag6,0.048941404,0.048941404,16.0
true_positive,0,msl_hpa_roll6_mean,-0.07925755,0.07925755,10.0
true_positive,0,d2m_c_roll6_mean,-0.040770907,0.040770907,18.0
true_positive,0,tcc_roll6_mean,-0.08123935,0.08123935,9.0
true_positive,0,wind_speed_10m_roll6_mean,-0.004685831,0.004685831,28.0
true_positive,0,wind_speed_10m_roll6_max,-0.02480803,0.02480803,21.0
true_positive,0,tp_mm_roll6_sum,-0.56314754,0.56314754,2.0
true_positive,0,tp_mm_roll24_sum,-0.020566516,0.020566516,24.0
true_positive,1,t2m_c,-0.051974826,0.051974826,14.0
true_positive,1,d2m_c,-0.23026682,0.23026682,4.0
true_positive,1,msl_hpa,-0.299502,0.299502,3.0
true_positive,1,sp_hpa,-0.14714912,0.14714912,6.0
true_positive,1,tcc,0.03051786,0.03051786,20.0
true_positive,1,u10,-0.020354722,0.020354722,24.0
true_positive,1,v10,-0.018575275,0.018575275,25.0
true_positive,1,wind_speed_10m,-0.0031910923,0.0031910923,31.0
true_positive,1,month,0.0026965933,0.0026965933,32.0
true_positive,1,dayofyear,0.041385334,0.041385334,18.0
true_positive,1,hour,-0.091082714,0.091082714,7.0
true_positive,1,month_sin,0.0016149253,0.0016149253,33.0
true_positive,1,month_cos,-0.046943333,0.046943333,16.0
true_positive,1,hour_sin,-0.07118082,0.07118082,11.0
true_positive,1,hour_cos,0.030006522,0.030006522,21.0
true_positive,1,msl_hpa_lag1,-0.21792787,0.21792787,5.0
true_positive,1,msl_hpa_lag3,-0.05259853,0.05259853,13.0
true_positive,1,msl_hpa_lag6,-0.037198618,0.037198618,19.0
true_positive,1,d2m_c_lag1,-0.08172123,0.08172123,9.0
true_positive,1,d2m_c_lag3,-0.0060798293,0.0060798293,27.0
true_positive,1,tcc_lag1,0.005108744,0.005108744,28.0
true_positive,1,tcc_lag3,-0.018068956,0.018068956,26.0
true_positive,1,wind_speed_10m_lag1,-0.0002152849,0.0002152849,34.0
true_positive,1,wind_speed_10m_lag3,-0.0039837873,0.0039837873,30.0
true_positive,1,tp_mm_lag1,-3.2013342,3.2013342,1.0
true_positive,1,tp_mm_lag3,0.07408632,0.07408632,10.0
true_positive,1,tp_mm_lag6,0.04535248,0.04535248,17.0
true_positive,1,msl_hpa_roll6_mean,-0.08207098,0.08207098,8.0
true_positive,1,d2m_c_roll6_mean,-0.049668867,0.049668867,15.0
true_positive,1,tcc_roll6_mean,-0.06751288,0.06751288,12.0
true_positive,1,wind_speed_10m_roll6_mean,-0.004685831,0.004685831,29.0
true_positive,1,wind_speed_10m_roll6_max,-0.023855131,0.023855131,22.0
true_positive,1,tp_mm_roll6_sum,-0.5500879,0.5500879,2.0
true_positive,1,tp_mm_roll24_sum,-0.023341578,0.023341578,23.0
true_positive,2,t2m_c,-0.06222245,0.06222245,12.0
true_positive,2,d2m_c,-0.23883818,0.23883818,4.0
true_positive,2,msl_hpa,-0.30774134,0.30774134,3.0
true_positive,2,sp_hpa,-0.14714912,0.14714912,6.0
true_positive,2,tcc,0.032968517,0.032968517,19.0
true_positive,2,u10,-0.019427095,0.019427095,25.0
true_positive,2,v10,-0.021241507,0.021241507,23.0
true_positive,2,wind_speed_10m,-0.0031910923,0.0031910923,31.0
true_positive,2,month,0.0026965933,0.0026965933,32.0
true_positive,2,dayofyear,0.041385334,0.041385334,17.0
true_positive,2,hour,-0.09055196,0.09055196,7.0
true_positive,2,month_sin,0.0016149253,0.0016149253,33.0
true_positive,2,month_cos,-0.046943333,0.046943333,15.0
true_positive,2,hour_sin,-0.07511618,0.07511618,10.0
true_positive,2,hour_cos,0.030458739,0.030458739,20.0
true_positive,2,msl_hpa_lag1,-0.22502998,0.22502998,5.0
true_positive,2,msl_hpa_lag3,-0.05259853,0.05259853,13.0
true_positive,2,msl_hpa_lag6,-0.037372313,0.037372313,18.0
true_positive,2,d2m_c_lag1,-0.08188046,0.08188046,9.0
true_positive,2,d2m_c_lag3,-0.0045426874,0.0045426874,29.0
true_positive,2,tcc_lag1,0.005108744,0.005108744,27.0
true_positive,2,tcc_lag3,-0.018068956,0.018068956,26.0
true_positive,2,wind_speed_10m_lag1,-0.0002152849,0.0002152849,34.0
true_positive,2,wind_speed_10m_lag3,-0.0039837873,0.0039837873,30.0
true_positive,2,tp_mm_lag1,-3.153475,3.153475,1.0
true_positive,2,tp_mm_lag3,0.06581822,0.06581822,11.0
true_positive,2,tp_mm_lag6,0.044343933,0.044343933,16.0
true_positive,2,msl_hpa_roll6_mean,-0.08426066,0.08426066,8.0
true_positive,2,d2m_c_roll6_mean,-0.048300434,0.048300434,14.0
true_positive,2,tcc_roll6_mean,-0.020196112,0.020196112,24.0
true_positive,2,wind_speed_10m_roll6_mean,-0.004685831,0.004685831,28.0
true_positive,2,wind_speed_10m_roll6_max,-0.023855131,0.023855131,22.0
true_positive,2,tp_mm_roll6_sum,-0.55001616,0.55001616,2.0
true_positive,2,tp_mm_roll24_sum,-0.025210395,0.025210395,21.0
true_positive,3,t2m_c,-0.06222245,0.06222245,13.0
true_positive,3,d2m_c,-0.23729464,0.23729464,4.0
true_positive,3,msl_hpa,-0.30774134,0.30774134,3.0
true_positive,3,sp_hpa,-0.14714912,0.14714912,6.0
true_positive,3,tcc,0.014789049,0.014789049,26.0
true_positive,3,u10,-0.020354722,0.020354722,24.0
true_positive,3,v10,-0.0212217,0.0212217,23.0
true_positive,3,wind_speed_10m,-0.0031910923,0.0031910923,31.0
true_positive,3,month,0.0026965933,0.0026965933,32.0
true_positive,3,dayofyear,0.041385334,0.041385334,18.0
true_positive,3,hour,-0.090927996,0.090927996,7.0
true_positive,3,month_sin,0.0016149253,0.0016149253,33.0
true_positive,3,month_cos,-0.046943333,0.046943333,16.0
true_positive,3,hour_sin,-0.07404877,0.07404877,11.0
true_positive,3,hour_cos,0.030006522,0.030006522,20.0
true_positive,3,msl_hpa_lag1,-0.21491866,0.21491866,5.0
true_positive,3,msl_hpa_lag3,-0.05112066,0.05112066,14.0
true_positive,3,msl_hpa_lag6,-0.037078865,0.037078865,19.0
true_positive,3,d2m_c_lag1,-0.08172123,0.08172123,9.0
true_positive,3,d2m_c_lag3,-0.0035333107,0.0035333107,30.0
true_positive,3,tcc_lag1,0.005108744,0.005108744,27.0
true_positive,3,tcc_lag3,-0.018068956,0.018068956,25.0
true_positive,3,wind_speed_10m_lag1,-0.0002152849,0.0002152849,34.0
true_positive,3,wind_speed_10m_lag3,-0.0039837873,0.0039837873,29.0
true_positive,3,tp_mm_lag1,-3.1888394,3.1888394,1.0
true_positive,3,tp_mm_lag3,0.07470069,0.07470069,10.0
true_positive,3,tp_mm_lag6,0.044343933,0.044343933,17.0
true_positive,3,msl_hpa_roll6_mean,-0.08203206,0.08203206,8.0
true_positive,3,d2m_c_roll6_mean,-0.049668867,0.049668867,15.0
true_positive,3,tcc_roll6_mean,-0.06751288,0.06751288,12.0
true_positive,3,wind_speed_10m_roll6_mean,-0.004685831,0.004685831,28.0
true_positive,3,wind_speed_10m_roll6_max,-0.023855131,0.023855131,21.0
true_positive,3,tp_mm_roll6_sum,-0.54913837,0.54913837,2.0
true_positive,3,tp_mm_roll24_sum,-0.023432638,0.023432638,22.0
true_positive,4,t2m_c,-0.06833055,0.06833055,14.0
true_positive,4,d2m_c,-0.22719413,0.22719413,4.0
true_positive,4,msl_hpa,-0.33113515,0.33113515,3.0
true_positive,4,sp_hpa,-0.15371749,0.15371749,6.0
true_positive,4,tcc,0.013448997,0.013448997,26.0
true_positive,4,u10,-0.022077858,0.022077858,22.0
true_positive,4,v10,-0.018555468,0.018555468,24.0
true_positive,4,wind_speed_10m,-0.003882262,0.003882262,30.0
true_positive,4,month,0.0027118474,0.0027118474,31.0
true_positive,4,dayofyear,0.045315128,0.045315128,17.0
true_positive,4,hour,-0.10984205,0.10984205,7.0
true_positive,4,month_sin,0.0016149253,0.0016149253,33.0
true_positive,4,month_cos,-0.07902658,0.07902658,11.0
true_positive,4,hour_sin,-0.079594806,0.079594806,9.0
true_positive,4,hour_cos,0.029649496,0.029649496,20.0
true_positive,4,msl_hpa_lag1,-0.21342409,0.21342409,5.0
true_positive,4,msl_hpa_lag3,-0.048095606,0.048095606,15.0
true_positive,4,msl_hpa_lag6,-0.03249017,0.03249017,19.0
true_positive,4,d2m_c_lag1,-0.07840231,0.07840231,12.0
true_positive,4,d2m_c_lag3,-0.008329878,0.008329878,27.0
true_positive,4,tcc_lag1,0.0021605906,0.0021605906,32.0
true_positive,4,tcc_lag3,-0.01565159,0.01565159,25.0
true_positive,4,wind_speed_10m_lag1,-0.0009854579,0.0009854579,34.0
true_positive,4,wind_speed_10m_lag3,-0.0043131094,0.0043131094,29.0
true_positive,4,tp_mm_lag1,-2.7793236,2.7793236,1.0
true_positive,4,tp_mm_lag3,0.104531586,0.104531586,8.0
true_positive,4,tp_mm_lag6,0.04726153,0.04726153,16.0
true_positive,4,msl_hpa_roll6_mean,-0.07925755,0.07925755,10.0
true_positive,4,d2m_c_roll6_mean,-0.04090174,0.04090174,18.0
true_positive,4,tcc_roll6_mean,-0.07622449,0.07622449,13.0
true_positive,4,wind_speed_10m_roll6_mean,-0.004685831,0.004685831,28.0
true_positive,4,wind_speed_10m_roll6_max,-0.02480803,0.02480803,21.0
true_positive,4,tp_mm_roll6_sum,-0.5658186,0.5658186,2.0
true_positive,4,tp_mm_roll24_sum,-0.020955369,0.020955369,23.0
true_positive,5,t2m_c,-0.068712905,0.068712905,11.0
true_positive,5,d2m_c,-0.23426433,0.23426433,4.0
true_positive,5,msl_hpa,-0.31242102,0.31242102,3.0
true_positive,5,sp_hpa,-0.1480241,0.1480241,6.0
true_positive,5,tcc,0.030508101,0.030508101,20.0
true_positive,5,u10,-0.021883331,0.021883331,24.0
true_positive,5,v10,-0.021241507,0.021241507,25.0
true_positive,5,wind_speed_10m,-0.00305748,0.00305748,31.0
true_positive,5,month,0.0027118474,0.0027118474,32.0
true_positive,5,dayofyear,0.045663718,0.045663718,18.0
true_positive,5,hour,-0.09598089,0.09598089,7.0
true_positive,5,month_sin,0.0016149253,0.0016149253,33.0
true_positive,5,month_cos,-0.052956995,0.052956995,15.0
true_positive,5,hour_sin,-0.074872434,0.074872434,10.0
true_positive,5,hour_cos,0.030458739,0.030458739,21.0
true_positive,5,msl_hpa_lag1,-0.22502998,0.22502998,5.0
true_positive,5,msl_hpa_lag3,-0.05259853,0.05259853,16.0
true_positive,5,msl_hpa_lag6,-0.034842096,0.034842096,19.0
true_positive,5,d2m_c_lag1,-0.083765775,0.083765775,8.0
true_positive,5,d2m_c_lag3,-0.005187125,0.005187125,27.0
true_positive,5,tcc_lag1,-0.0040655667,0.0040655667,29.0
true_positive,5,tcc_lag3,-0.018068956,0.018068956,26.0
true_positive,5,wind_speed_10m_lag1,8.301167e-05,8.301167e-05,34.0
true_positive,5,wind_speed_10m_lag3,-0.0039837873,0.0039837873,30.0
true_positive,5,tp_mm_lag1,-3.1141527,3.1141527,1.0
true_positive,5,tp_mm_lag3,0.067478836,0.067478836,13.0
true_positive,5,tp_mm_lag6,0.051034305,0.051034305,17.0
true_positive,5,msl_hpa_roll6_mean,-0.077106774,0.077106774,9.0
true_positive,5,d2m_c_roll6_mean,-0.055129565,0.055129565,14.0
true_positive,5,tcc_roll6_mean,-0.068379894,0.068379894,12.0
true_positive,5,wind_speed_10m_roll6_mean,-0.004685831,0.004685831,28.0
true_positive,5,wind_speed_10m_roll6_max,-0.023855131,0.023855131,22.0
true_positive,5,tp_mm_roll6_sum,-0.56420225,0.56420225,2.0
true_positive,5,tp_mm_roll24_sum,-0.02233459,0.02233459,23.0
true_positive,6,t2m_c,-0.06222245,0.06222245,13.0
true_positive,6,d2m_c,-0.23714556,0.23714556,4.0
true_positive,6,msl_hpa,-0.29145914,0.29145914,3.0
true_positive,6,sp_hpa,-0.14714912,0.14714912,6.0
true_positive,6,tcc,0.030508101,0.030508101,20.0
true_positive,6,u10,-0.019173034,0.019173034,24.0
true_positive,6,v10,-0.018575275,0.018575275,25.0
true_positive,6,wind_speed_10m,-0.00305748,0.00305748,31.0
true_positive,6,month,0.0027118474,0.0027118474,32.0
true_positive,6,dayofyear,0.041972533,0.041972533,18.0
true_positive,6,hour,-0.090927996,0.090927996,7.0
true_positive,6,month_sin,0.0016149253,0.0016149253,33.0
true_positive,6,month_cos,-0.046943333,0.046943333,16.0
true_positive,6,hour_sin,-0.07178146,0.07178146,11.0
true_positive,6,hour_cos,0.030006522,0.030006522,21.0
true_positive,6,msl_hpa_lag1,-0.22502998,0.22502998,5.0
true_positive,6,msl_hpa_lag3,-0.05259853,0.05259853,14.0
true_positive,6,msl_hpa_lag6,-0.036991782,0.036991782,19.0
true_positive,6,d2m_c_lag1,-0.08168333,0.08168333,8.0
true_positive,6,d2m_c_lag3,-0.0060798293,0.0060798293,27.0
true_positive,6,tcc_lag1,-0.0040655667,0.0040655667,29.0
true_positive,6,tcc_lag3,-0.018068956,0.018068956,26.0
true_positive,6,wind_speed_10m_lag1,-0.0002152849,0.0002152849,34.0
true_positive,6,wind_speed_10m_lag3,-0.0039837873,0.0039837873,30.0
true_positive,6,tp_mm_lag1,-3.199222,3.199222,1.0
true_positive,6,tp_mm_lag3,0.07491944,0.07491944,10.0
true_positive,6,tp_mm_lag6,0.044852354,0.044852354,17.0
true_positive,6,msl_hpa_roll6_mean,-0.079296455,0.079296455,9.0
true_positive,6,d2m_c_roll6_mean,-0.049668867,0.049668867,15.0
true_positive,6,tcc_roll6_mean,-0.06751288,0.06751288,12.0
true_positive,6,wind_speed_10m_roll6_mean,-0.004685831,0.004685831,28.0
true_positive,6,wind_speed_10m_roll6_max,-0.023855131,0.023855131,22.0
true_positive,6,tp_mm_roll6_sum,-0.5590532,0.5590532,2.0
true_positive,6,tp_mm_roll24_sum,-0.022394054,0.022394054,23.0
true_positive,7,t2m_c,-0.055420622,0.055420622,15.0
true_positive,7,d2m_c,-0.23347075,0.23347075,4.0
true_positive,7,msl_hpa,-0.3073707,0.3073707,3.0
true_positive,7,sp_hpa,-0.14714912,0.14714912,6.0
true_positive,7,tcc,0.0147761,0.0147761,26.0
true_positive,7,u10,-0.020354722,0.020354722,24.0
true_positive,7,v10,-0.021167597,0.021167597,23.0
true_positive,7,wind_speed_10m,-0.0030392653,0.0030392653,31.0
true_positive,7,month,0.0027118474,0.0027118474,32.0
true_positive,7,dayofyear,0.041972533,0.041972533,18.0
true_positive,7,hour,-0.091082714,0.091082714,7.0
true_positive,7,month_sin,0.0016149253,0.0016149253,33.0
true_positive,7,month_cos,-0.06293218,0.06293218,13.0
true_positive,7,hour_sin,-0.07051781,0.07051781,11.0
true_positive,7,hour_cos,0.029329564,0.029329564,20.0
true_positive,7,msl_hpa_lag1,-0.21135806,0.21135806,5.0
true_positive,7,msl_hpa_lag3,-0.048107445,0.048107445,17.0
true_positive,7,msl_hpa_lag6,-0.03398449,0.03398449,19.0
true_positive,7,d2m_c_lag1,-0.08168333,0.08168333,8.0
true_positive,7,d2m_c_lag3,-0.0035333107,0.0035333107,30.0
true_positive,7,tcc_lag1,-0.009740471,0.009740471,27.0
true_positive,7,tcc_lag3,-0.01565159,0.01565159,25.0
true_positive,7,wind_speed_10m_lag1,-0.0002152849,0.0002152849,34.0
true_positive,7,wind_speed_10m_lag3,-0.0039837873,0.0039837873,29.0
true_positive,7,tp_mm_lag1,-3.1746404,3.1746404,1.0
true_positive,7,tp_mm_lag3,0.0755338,0.0755338,10.0
true_positive,7,tp_mm_lag6,0.050553933,0.050553933,16.0
true_positive,7,msl_hpa_roll6_mean,-0.07706787,0.07706787,9.0
true_positive,7,d2m_c_roll6_mean,-0.057858028,0.057858028,14.0
true_positive,7,tcc_roll6_mean,-0.06751288,0.06751288,12.0
true_positive,7,wind_speed_10m_roll6_mean,-0.004685831,0.004685831,28.0
true_positive,7,wind_speed_10m_roll6_max,-0.023855131,0.023855131,21.0
true_positive,7,tp_mm_roll6_sum,-0.56314754,0.56314754,2.0
true_positive,7,tp_mm_roll24_sum,-0.023217157,0.023217157,22.0
true_positive,8,t2m_c,-0.055420622,0.055420622,14.0
true_positive,8,d2m_c,-0.22951335,0.22951335,4.0
true_positive,8,msl_hpa,-0.30774134,0.30774134,3.0
true_positive,8,sp_hpa,-0.14714912,0.14714912,6.0
true_positive,8,tcc,0.012253863,0.012253863,25.0
true_positive,8,u10,-0.020354722,0.020354722,23.0
true_positive,8,v10,-0.0212217,0.0212217,22.0
true_positive,8,wind_speed_10m,-0.0031910923,0.0031910923,31.0
true_positive,8,month,0.0026965933,0.0026965933,32.0
true_positive,8,dayofyear,0.041385334,0.041385334,18.0
true_positive,8,hour,-0.091082714,0.091082714,7.0
true_positive,8,month_sin,0.0016149253,0.0016149253,33.0
true_positive,8,month_cos,-0.06293218,0.06293218,13.0
true_positive,8,hour_sin,-0.071118444,0.071118444,11.0
true_positive,8,hour_cos,0.029329564,0.029329564,20.0
true_positive,8,msl_hpa_lag1,-0.20425595,0.20425595,5.0
true_positive,8,msl_hpa_lag3,-0.048095606,0.048095606,16.0
true_positive,8,msl_hpa_lag6,-0.03358607,0.03358607,19.0
true_positive,8,d2m_c_lag1,-0.08172123,0.08172123,9.0
true_positive,8,d2m_c_lag3,-0.0035333107,0.0035333107,30.0
true_positive,8,tcc_lag1,0.005098649,0.005098649,27.0
true_positive,8,tcc_lag3,-0.01565159,0.01565159,24.0
true_positive,8,wind_speed_10m_lag1,-0.0002152849,0.0002152849,34.0
true_positive,8,wind_speed_10m_lag3,-0.0039837873,0.0039837873,29.0
true_positive,8,tp_mm_lag1,-3.1920738,3.1920738,1.0
true_positive,8,tp_mm_lag3,0.07470069,0.07470069,10.0
true_positive,8,tp_mm_lag6,0.0460238,0.0460238,17.0
true_positive,8,msl_hpa_roll6_mean,-0.08203206,0.08203206,8.0
true_positive,8,d2m_c_roll6_mean,-0.049668867,0.049668867,15.0
true_positive,8,tcc_roll6_mean,-0.06751288,0.06751288,12.0
true_positive,8,wind_speed_10m_roll6_mean,-0.004685831,0.004685831,28.0
true_positive,8,wind_speed_10m_roll6_max,-0.023855131,0.023855131,21.0
true_positive,8,tp_mm_roll6_sum,-0.55064195,0.55064195,2.0
true_positive,8,tp_mm_roll24_sum,-0.011668095,0.011668095,26.0
true_positive,9,t2m_c,-0.056013145,0.056013145,13.0
true_positive,9,d2m_c,-0.23622848,0.23622848,4.0
true_positive,9,msl_hpa,-0.30168483,0.30168483,3.0
true_positive,9,sp_hpa,-0.13774917,0.13774917,6.0
true_positive,9,tcc,0.02870217,0.02870217,21.0
true_positive,9,u10,-0.020173904,0.020173904,23.0
true_positive,9,v10,-0.019253476,0.019253476,24.0
true_positive,9,wind_speed_10m,-0.00305748,0.00305748,31.0
true_positive,9,month,0.0027118474,0.0027118474,32.0
true_positive,9,dayofyear,0.041972533,0.041972533,18.0
true_positive,9,hour,-0.09527578,0.09527578,7.0
true_positive,9,month_sin,0.0016149253,0.0016149253,33.0
true_positive,9,month_cos,-0.046943333,0.046943333,16.0
true_positive,9,hour_sin,-0.075716816,0.075716816,10.0
true_positive,9,hour_cos,0.02940895,0.02940895,20.0
true_positive,9,msl_hpa_lag1,-0.21529393,0.21529393,5.0
true_positive,9,msl_hpa_lag3,-0.05259853,0.05259853,14.0
true_positive,9,msl_hpa_lag6,-0.03709392,0.03709392,19.0
true_positive,9,d2m_c_lag1,-0.0819811,0.0819811,8.0
true_positive,9,d2m_c_lag3,-0.0067216386,0.0067216386,27.0
true_positive,9,tcc_lag1,-0.003529711,0.003529711,30.0
true_positive,9,tcc_lag3,-0.018068956,0.018068956,26.0
true_positive,9,wind_speed_10m_lag1,-0.00040171252,0.00040171252,34.0
true_positive,9,wind_speed_10m_lag3,-0.0039837873,0.0039837873,29.0
true_positive,9,tp_mm_lag1,-3.1794713,3.1794713,1.0
true_positive,9,tp_mm_lag3,0.07381459,0.07381459,11.0
true_positive,9,tp_mm_lag6,0.046698164,0.046698164,17.0
true_positive,9,msl_hpa_roll6_mean,-0.079913154,0.079913154,9.0
true_positive,9,d2m_c_roll6_mean,-0.049808357,0.049808357,15.0
true_positive,9,tcc_roll6_mean,-0.061333094,0.061333094,12.0
true_positive,9,wind_speed_10m_roll6_mean,-0.0047004875,0.0047004875,28.0
true_positive,9,wind_speed_10m_roll6_max,-0.023401026,0.023401026,22.0
true_positive,9,tp_mm_roll6_sum,-0.68088675,0.68088675,2.0
true_positive,9,tp_mm_roll24_sum,-0.018132942,0.018132942,25.0
false_positive,0,t2m_c,-0.046360046,0.046360046,15.0
false_positive,0,d2m_c,-0.20707133,0.20707133,5.0
false_positive,0,msl_hpa,-0.30898666,0.30898666,3.0
false_positive,0,sp_hpa,-0.13508528,0.13508528,6.0
false_positive,0,tcc,0.019604446,0.019604446,25.0
false_positive,0,u10,-0.026485201,0.026485201,21.0
false_positive,0,v10,-0.019798355,0.019798355,24.0
false_positive,0,wind_speed_10m,-0.0038640471,0.0038640471,29.0
false_positive,0,month,0.0027118474,0.0027118474,31.0
false_positive,0,dayofyear,0.044397015,0.044397015,16.0
false_positive,0,hour,-0.10819508,0.10819508,7.0
false_positive,0,month_sin,0.0016149253,0.0016149253,33.0
false_positive,0,month_cos,-0.06303772,0.06303772,13.0
false_positive,0,hour_sin,-0.07628982,0.07628982,11.0
false_positive,0,hour_cos,0.030576289,0.030576289,20.0
false_positive,0,msl_hpa_lag1,-0.227096,0.227096,4.0
false_positive,0,msl_hpa_lag3,-0.051448837,0.051448837,14.0
false_positive,0,msl_hpa_lag6,-0.03580927,0.03580927,18.0
false_positive,0,d2m_c_lag1,-0.074346706,0.074346706,12.0
false_positive,0,d2m_c_lag3,-0.0025969085,0.0025969085,32.0
false_positive,0,tcc_lag1,-0.008235669,0.008235669,27.0
false_positive,0,tcc_lag3,-0.018068956,0.018068956,26.0
false_positive,0,wind_speed_10m_lag1,-0.0009854579,0.0009854579,34.0
false_positive,0,wind_speed_10m_lag3,-0.003662407,0.003662407,30.0
false_positive,0,tp_mm_lag1,-2.8090742,2.8090742,1.0
false_positive,0,tp_mm_lag3,0.10322127,0.10322127,8.0
false_positive,0,tp_mm_lag6,0.03542068,0.03542068,19.0
false_positive,0,msl_hpa_roll6_mean,-0.07676974,0.07676974,10.0
false_positive,0,d2m_c_roll6_mean,-0.039356843,0.039356843,17.0
false_positive,0,tcc_roll6_mean,-0.08167649,0.08167649,9.0
false_positive,0,wind_speed_10m_roll6_mean,-0.004685831,0.004685831,28.0
false_positive,0,wind_speed_10m_roll6_max,-0.024794396,0.024794396,22.0
false_positive,0,tp_mm_roll6_sum,-0.50896186,0.50896186,2.0
false_positive,0,tp_mm_roll24_sum,-0.022028126,0.022028126,23.0
false_positive,1,t2m_c,-0.033854887,0.033854887,19.0
false_positive,1,d2m_c,-0.19859174,0.19859174,5.0
false_positive,1,msl_hpa,-0.27529708,0.27529708,3.0
false_positive,1,sp_hpa,-0.13807903,0.13807903,6.0
false_positive,1,tcc,0.030712523,0.030712523,21.0
false_positive,1,u10,-0.032858804,0.032858804,20.0
false_positive,1,v10,-0.01919399,0.01919399,25.0
false_positive,1,wind_speed_10m,-0.0030392653,0.0030392653,31.0
false_positive,1,month,0.0027118474,0.0027118474,32.0
false_positive,1,dayofyear,0.041054424,0.041054424,16.0
false_positive,1,hour,-0.079099275,0.079099275,8.0
false_positive,1,month_sin,0.0016149253,0.0016149253,33.0
false_positive,1,month_cos,-0.048254795,0.048254795,15.0
false_positive,1,hour_sin,-0.07174881,0.07174881,11.0
false_positive,1,hour_cos,0.029658787,0.029658787,22.0
false_positive,1,msl_hpa_lag1,-0.21310058,0.21310058,4.0
false_positive,1,msl_hpa_lag3,-0.052926704,0.052926704,13.0
false_positive,1,msl_hpa_lag6,-0.037300754,0.037300754,17.0
false_positive,1,d2m_c_lag1,-0.07923583,0.07923583,7.0
false_positive,1,d2m_c_lag3,-0.0060817082,0.0060817082,28.0
false_positive,1,tcc_lag1,-0.009740471,0.009740471,27.0
false_positive,1,tcc_lag3,-0.016244842,0.016244842,26.0
false_positive,1,wind_speed_10m_lag1,-0.00040171252,0.00040171252,34.0
false_positive,1,wind_speed_10m_lag3,-0.0033330845,0.0033330845,30.0
false_positive,1,tp_mm_lag1,-3.2290864,3.2290864,1.0
false_positive,1,tp_mm_lag3,0.07409194,0.07409194,10.0
false_positive,1,tp_mm_lag6,0.03446982,0.03446982,18.0
false_positive,1,msl_hpa_roll6_mean,-0.07742534,0.07742534,9.0
false_positive,1,d2m_c_roll6_mean,-0.05182355,0.05182355,14.0
false_positive,1,tcc_roll6_mean,-0.06795002,0.06795002,12.0
false_positive,1,wind_speed_10m_roll6_mean,-0.0047004875,0.0047004875,29.0
false_positive,1,wind_speed_10m_roll6_max,-0.023387391,0.023387391,24.0
false_positive,1,tp_mm_roll6_sum,-0.686696,0.686696,2.0
false_positive,1,tp_mm_roll24_sum,-0.025957644,0.025957644,23.0
false_positive,2,t2m_c,-0.057947017,0.057947017,14.0
false_positive,2,d2m_c,-0.2183208,0.2183208,5.0
false_positive,2,msl_hpa,-0.29145914,0.29145914,3.0
false_positive,2,sp_hpa,-0.14714912,0.14714912,6.0
false_positive,2,tcc,0.044476423,0.044476423,18.0
false_positive,2,u10,-0.032693,0.032693,21.0
false_positive,2,v10,-0.021304457,0.021304457,25.0
false_positive,2,wind_speed_10m,-0.00305748,0.00305748,31.0
false_positive,2,month,0.0027118474,0.0027118474,32.0
false_positive,2,dayofyear,0.041972533,0.041972533,19.0
false_positive,2,hour,-0.08041268,0.08041268,8.0
false_positive,2,month_sin,0.0016149253,0.0016149253,33.0
false_positive,2,month_cos,-0.04923516,0.04923516,17.0
false_positive,2,hour_sin,-0.07511618,0.07511618,10.0
false_positive,2,hour_cos,0.030006522,0.030006522,22.0
false_positive,2,msl_hpa_lag1,-0.22502998,0.22502998,4.0
false_positive,2,msl_hpa_lag3,-0.05259853,0.05259853,15.0
false_positive,2,msl_hpa_lag6,-0.037372313,0.037372313,20.0
false_positive,2,d2m_c_lag1,-0.08386971,0.08386971,7.0
false_positive,2,d2m_c_lag3,-0.0047630793,0.0047630793,29.0
false_positive,2,tcc_lag1,-0.0051767,0.0051767,28.0
false_positive,2,tcc_lag3,-0.018068956,0.018068956,26.0
false_positive,2,wind_speed_10m_lag1,-0.0002152849,0.0002152849,34.0
false_positive,2,wind_speed_10m_lag3,-0.0039837873,0.0039837873,30.0
false_positive,2,tp_mm_lag1,-3.2137165,3.2137165,1.0
false_positive,2,tp_mm_lag3,0.0747063,0.0747063,11.0
false_positive,2,tp_mm_lag6,0.05123289,0.05123289,16.0
false_positive,2,msl_hpa_roll6_mean,-0.079296455,0.079296455,9.0
false_positive,2,d2m_c_roll6_mean,-0.059058566,0.059058566,13.0
false_positive,2,tcc_roll6_mean,-0.06124989,0.06124989,12.0
false_positive,2,wind_speed_10m_roll6_mean,-0.0070175403,0.0070175403,27.0
false_positive,2,wind_speed_10m_roll6_max,-0.023536576,0.023536576,24.0
false_positive,2,tp_mm_roll6_sum,-0.5664431,0.5664431,2.0
false_positive,2,tp_mm_roll24_sum,-0.024725594,0.024725594,23.0
false_positive,3,t2m_c,-0.055915855,0.055915855,14.0
false_positive,3,d2m_c,-0.21167932,0.21167932,5.0
false_positive,3,msl_hpa,-0.29145914,0.29145914,3.0
false_positive,3,sp_hpa,-0.14714912,0.14714912,6.0
false_positive,3,tcc,0.021645915,0.021645915,25.0
false_positive,3,u10,-0.03286731,0.03286731,20.0
false_positive,3,v10,-0.021813402,0.021813402,24.0
false_positive,3,wind_speed_10m,-0.0030392653,0.0030392653,31.0
false_positive,3,month,0.0027118474,0.0027118474,32.0
false_positive,3,dayofyear,0.041972533,0.041972533,18.0
false_positive,3,hour,-0.08078872,0.08078872,8.0
false_positive,3,month_sin,0.0016149253,0.0016149253,33.0
false_positive,3,month_cos,-0.048254795,0.048254795,17.0
false_positive,3,hour_sin,-0.07118082,0.07118082,11.0
false_positive,3,hour_cos,0.031136174,0.031136174,21.0
false_positive,3,msl_hpa_lag1,-0.22502998,0.22502998,4.0
false_positive,3,msl_hpa_lag3,-0.05112066,0.05112066,15.0
false_positive,3,msl_hpa_lag6,-0.037078865,0.037078865,19.0
false_positive,3,d2m_c_lag1,-0.08294782,0.08294782,7.0
false_positive,3,d2m_c_lag3,-0.0035333107,0.0035333107,30.0
false_positive,3,tcc_lag1,-0.009740471,0.009740471,27.0
false_positive,3,tcc_lag3,-0.018068956,0.018068956,26.0
false_positive,3,wind_speed_10m_lag1,-0.0002152849,0.0002152849,34.0
false_positive,3,wind_speed_10m_lag3,-0.0039837873,0.0039837873,29.0
false_positive,3,tp_mm_lag1,-3.2077477,3.2077477,1.0
false_positive,3,tp_mm_lag3,0.0755338,0.0755338,10.0
false_positive,3,tp_mm_lag6,0.050553933,0.050553933,16.0
false_positive,3,msl_hpa_roll6_mean,-0.07676974,0.07676974,9.0
false_positive,3,d2m_c_roll6_mean,-0.057858028,0.057858028,13.0
false_positive,3,tcc_roll6_mean,-0.06751288,0.06751288,12.0
false_positive,3,wind_speed_10m_roll6_mean,-0.004685831,0.004685831,28.0
false_positive,3,wind_speed_10m_roll6_max,-0.023841497,0.023841497,22.0
false_positive,3,tp_mm_roll6_sum,-0.56363255,0.56363255,2.0
false_positive,3,tp_mm_roll24_sum,-0.023509242,0.023509242,23.0
false_positive,4,t2m_c,-0.040754676,0.040754676,16.0
false_positive,4,d2m_c,-0.22349249,0.22349249,4.0
false_positive,4,msl_hpa,-0.26101467,0.26101467,3.0
false_positive,4,sp_hpa,-0.14363925,0.14363925,6.0
false_positive,4,tcc,0.013557843,0.013557843,26.0
false_positive,4,u10,-0.02292215,0.02292215,20.0
false_positive,4,v10,-0.019174183,0.019174183,23.0
false_positive,4,wind_speed_10m,-0.005294982,0.005294982,29.0
false_positive,4,month,0.0027118474,0.0027118474,32.0
false_positive,4,dayofyear,0.043100424,0.043100424,15.0
false_positive,4,hour,-0.08191153,0.08191153,9.0
false_positive,4,month_sin,0.0016149253,0.0016149253,33.0
false_positive,4,month_cos,-0.08467573,0.08467573,8.0
false_positive,4,hour_sin,-0.076579146,0.076579146,12.0
false_positive,4,hour_cos,0.028743654,0.028743654,19.0
false_positive,4,msl_hpa_lag1,-0.19438115,0.19438115,5.0
false_positive,4,msl_hpa_lag3,-0.047974177,0.047974177,14.0
false_positive,4,msl_hpa_lag6,-0.033212017,0.033212017,18.0
false_positive,4,d2m_c_lag1,-0.078884125,0.078884125,10.0
false_positive,4,d2m_c_lag3,-0.0066963458,0.0066963458,28.0
false_positive,4,tcc_lag1,-0.006764647,0.006764647,27.0
false_positive,4,tcc_lag3,-0.01390479,0.01390479,25.0
false_positive,4,wind_speed_10m_lag1,-0.0011718854,0.0011718854,34.0
false_positive,4,wind_speed_10m_lag3,-0.003662407,0.003662407,31.0
false_positive,4,tp_mm_lag1,-2.804878,2.804878,1.0
false_positive,4,tp_mm_lag3,0.10431869,0.10431869,7.0
false_positive,4,tp_mm_lag6,0.021301307,0.021301307,22.0
false_positive,4,msl_hpa_roll6_mean,-0.077386424,0.077386424,11.0
false_positive,4,d2m_c_roll6_mean,-0.037005994,0.037005994,17.0
false_positive,4,tcc_roll6_mean,-0.076538935,0.076538935,13.0
false_positive,4,wind_speed_10m_roll6_mean,-0.0047004875,0.0047004875,30.0
false_positive,4,wind_speed_10m_roll6_max,-0.021536663,0.021536663,21.0
false_positive,4,tp_mm_roll6_sum,-0.8325301,0.8325301,2.0
false_positive,4,tp_mm_roll24_sum,-0.016861545,0.016861545,24.0
false_positive,5,t2m_c,-0.047662653,0.047662653,16.0
false_positive,5,d2m_c,-0.22321804,0.22321804,5.0
false_positive,5,msl_hpa,-0.2902725,0.2902725,3.0
false_positive,5,sp_hpa,-0.14835396,0.14835396,6.0
false_positive,5,tcc,0.039093994,0.039093994,18.0
false_positive,5,u10,-0.031131763,0.031131763,21.0
false_positive,5,v10,-0.021250354,0.021250354,25.0
false_positive,5,wind_speed_10m,-0.0030392653,0.0030392653,31.0
false_positive,5,month,0.0027118474,0.0027118474,32.0
false_positive,5,dayofyear,0.044745605,0.044745605,17.0
false_positive,5,hour,-0.07775009,0.07775009,8.0
false_positive,5,month_sin,0.0016149253,0.0016149253,33.0
false_positive,5,month_cos,-0.059500378,0.059500378,13.0
false_positive,5,hour_sin,-0.07763916,0.07763916,9.0
false_positive,5,hour_cos,0.029126706,0.029126706,22.0
false_positive,5,msl_hpa_lag1,-0.22502998,0.22502998,4.0
false_positive,5,msl_hpa_lag3,-0.052926704,0.052926704,14.0
false_positive,5,msl_hpa_lag6,-0.035222627,0.035222627,19.0
false_positive,5,d2m_c_lag1,-0.08413824,0.08413824,7.0
false_positive,5,d2m_c_lag3,-0.0040368196,0.0040368196,29.0
false_positive,5,tcc_lag1,-0.0130009,0.0130009,27.0
false_positive,5,tcc_lag3,-0.018068956,0.018068956,26.0
false_positive,5,wind_speed_10m_lag1,8.301167e-05,8.301167e-05,34.0
false_positive,5,wind_speed_10m_lag3,-0.0033330845,0.0033330845,30.0
false_positive,5,tp_mm_lag1,-3.1516023,3.1516023,1.0
false_positive,5,tp_mm_lag3,0.0747063,0.0747063,11.0
false_positive,5,tp_mm_lag6,0.033917278,0.033917278,20.0
false_positive,5,msl_hpa_roll6_mean,-0.077106774,0.077106774,10.0
false_positive,5,d2m_c_roll6_mean,-0.05182355,0.05182355,15.0
false_positive,5,tcc_roll6_mean,-0.060592778,0.060592778,12.0
false_positive,5,wind_speed_10m_roll6_mean,-0.004685831,0.004685831,28.0
false_positive,5,wind_speed_10m_roll6_max,-0.023536576,0.023536576,24.0
false_positive,5,tp_mm_roll6_sum,-0.5658822,0.5658822,2.0
false_positive,5,tp_mm_roll24_sum,-0.023673445,0.023673445,23.0
false_positive,6,t2m_c,-0.034370355,0.034370355,18.0
false_positive,6,d2m_c,-0.20904721,0.20904721,5.0
false_positive,6,msl_hpa,-0.28522217,0.28522217,3.0
false_positive,6,sp_hpa,-0.14747898,0.14747898,6.0
false_positive,6,tcc,0.032518454,0.032518454,20.0
false_positive,6,u10,-0.03286731,0.03286731,19.0
false_positive,6,v10,-0.019166978,0.019166978,25.0
false_positive,6,wind_speed_10m,-0.0030392653,0.0030392653,31.0
false_positive,6,month,0.0027118474,0.0027118474,32.0
false_positive,6,dayofyear,0.041054424,0.041054424,16.0
false_positive,6,hour,-0.07876572,0.07876572,8.0
false_positive,6,month_sin,0.0016149253,0.0016149253,33.0
false_positive,6,month_cos,-0.048254795,0.048254795,15.0
false_positive,6,hour_sin,-0.07118082,0.07118082,11.0
false_positive,6,hour_cos,0.031136174,0.031136174,22.0
false_positive,6,msl_hpa_lag1,-0.22502998,0.22502998,4.0
false_positive,6,msl_hpa_lag3,-0.052926704,0.052926704,13.0
false_positive,6,msl_hpa_lag6,-0.037198618,0.037198618,17.0
false_positive,6,d2m_c_lag1,-0.07893806,0.07893806,7.0
false_positive,6,d2m_c_lag3,-0.003902757,0.003902757,29.0
false_positive,6,tcc_lag1,-0.0130009,0.0130009,27.0
false_positive,6,tcc_lag3,-0.016244842,0.016244842,26.0
false_positive,6,wind_speed_10m_lag1,-0.0002152849,0.0002152849,34.0
false_positive,6,wind_speed_10m_lag3,-0.0033330845,0.0033330845,30.0
false_positive,6,tp_mm_lag1,-3.223575,3.223575,1.0
false_positive,6,tp_mm_lag3,0.07409194,0.07409194,10.0
false_positive,6,tp_mm_lag6,0.032356225,0.032356225,21.0
false_positive,6,msl_hpa_roll6_mean,-0.07680865,0.07680865,9.0
false_positive,6,d2m_c_roll6_mean,-0.051684063,0.051684063,14.0
false_positive,6,tcc_roll6_mean,-0.06708301,0.06708301,12.0
false_positive,6,wind_speed_10m_roll6_mean,-0.004685831,0.004685831,28.0
false_positive,6,wind_speed_10m_roll6_max,-0.023841497,0.023841497,24.0
false_positive,6,tp_mm_roll6_sum,-0.561347,0.561347,2.0
false_positive,6,tp_mm_roll24_sum,-0.025117412,0.025117412,23.0
false_positive,7,t2m_c,-0.034173165,0.034173165,18.0
false_positive,7,d2m_c,-0.20477465,0.20477465,5.0
false_positive,7,msl_hpa,-0.2791657,0.2791657,3.0
false_positive,7,sp_hpa,-0.13807903,0.13807903,6.0
false_positive,7,tcc,0.01976243,0.01976243,23.0
false_positive,7,u10,-0.032858804,0.032858804,20.0
false_positive,7,v10,-0.019174183,0.019174183,25.0
false_positive,7,wind_speed_10m,-0.0030392653,0.0030392653,31.0
false_positive,7,month,0.0027118474,0.0027118474,32.0
false_positive,7,dayofyear,0.041054424,0.041054424,16.0
false_positive,7,hour,-0.07947531,0.07947531,7.0
false_positive,7,month_sin,0.0016149253,0.0016149253,33.0
false_positive,7,month_cos,-0.06321006,0.06321006,13.0
false_positive,7,hour_sin,-0.068217844,0.068217844,11.0
false_positive,7,hour_cos,0.028981829,0.028981829,21.0
false_positive,7,msl_hpa_lag1,-0.21173333,0.21173333,4.0
false_positive,7,msl_hpa_lag3,-0.04843562,0.04843562,15.0
false_positive,7,msl_hpa_lag6,-0.034086626,0.034086626,19.0
false_positive,7,d2m_c_lag1,-0.07923583,0.07923583,8.0
false_positive,7,d2m_c_lag3,-0.0060817082,0.0060817082,28.0
false_positive,7,tcc_lag1,-0.014786772,0.014786772,26.0
false_positive,7,tcc_lag3,-0.013827476,0.013827476,27.0
false_positive,7,wind_speed_10m_lag1,-0.00040171252,0.00040171252,34.0
false_positive,7,wind_speed_10m_lag3,-0.0033330845,0.0033330845,30.0
false_positive,7,tp_mm_lag1,-3.220799,3.220799,1.0
false_positive,7,tp_mm_lag3,0.07491944,0.07491944,10.0
false_positive,7,tp_mm_lag6,0.038743414,0.038743414,17.0
false_positive,7,msl_hpa_roll6_mean,-0.077386424,0.077386424,9.0
false_positive,7,d2m_c_roll6_mean,-0.050463516,0.050463516,14.0
false_positive,7,tcc_roll6_mean,-0.06795002,0.06795002,12.0
false_positive,7,wind_speed_10m_roll6_mean,-0.0047004875,0.0047004875,29.0
false_positive,7,wind_speed_10m_roll6_max,-0.023387391,0.023387391,22.0
false_positive,7,tp_mm_roll6_sum,-0.6809016,0.6809016,2.0
false_positive,7,tp_mm_roll24_sum,-0.0192057,0.0192057,24.0
false_positive,8,t2m_c,-0.034370355,0.034370355,17.0
false_positive,8,d2m_c,-0.20320381,0.20320381,5.0
false_positive,8,msl_hpa,-0.28522217,0.28522217,3.0
false_positive,8,sp_hpa,-0.14747898,0.14747898,6.0
false_positive,8,tcc,0.012730751,0.012730751,25.0
false_positive,8,u10,-0.03286731,0.03286731,20.0
false_positive,8,v10,-0.01914717,0.01914717,23.0
false_positive,8,wind_speed_10m,-0.0030392653,0.0030392653,31.0
false_positive,8,month,0.0027118474,0.0027118474,32.0
false_positive,8,dayofyear,0.041054424,0.041054424,16.0
false_positive,8,hour,-0.07914176,0.07914176,7.0
false_positive,8,month_sin,0.0016149253,0.0016149253,33.0
false_positive,8,month_cos,-0.06424364,0.06424364,13.0
false_positive,8,hour_sin,-0.07051781,0.07051781,11.0
false_positive,8,hour_cos,0.0295794,0.0295794,21.0
false_positive,8,msl_hpa_lag1,-0.20425595,0.20425595,4.0
false_positive,8,msl_hpa_lag3,-0.048423782,0.048423782,15.0
false_positive,8,msl_hpa_lag6,-0.0339666,0.0339666,18.0
false_positive,8,d2m_c_lag1,-0.07893806,0.07893806,8.0
false_positive,8,d2m_c_lag3,-0.003902757,0.003902757,29.0
false_positive,8,tcc_lag1,-0.009750565,0.009750565,27.0
false_positive,8,tcc_lag3,-0.01565159,0.01565159,24.0
false_positive,8,wind_speed_10m_lag1,-0.0002152849,0.0002152849,34.0
false_positive,8,wind_speed_10m_lag3,-0.0033330845,0.0033330845,30.0
false_positive,8,tp_mm_lag1,-3.2195992,3.2195992,1.0
false_positive,8,tp_mm_lag3,0.07491944,0.07491944,10.0
false_positive,8,tp_mm_lag6,0.033917278,0.033917278,19.0
false_positive,8,msl_hpa_roll6_mean,-0.07676974,0.07676974,9.0
false_positive,8,d2m_c_roll6_mean,-0.050463516,0.050463516,14.0
false_positive,8,tcc_roll6_mean,-0.06708301,0.06708301,12.0
false_positive,8,wind_speed_10m_roll6_mean,-0.004685831,0.004685831,28.0
false_positive,8,wind_speed_10m_roll6_max,-0.023841497,0.023841497,22.0
false_positive,8,tp_mm_roll6_sum,-0.5617457,0.5617457,2.0
false_positive,8,tp_mm_roll24_sum,-0.011702267,0.011702267,26.0
false_positive,9,t2m_c,-0.04238823,0.04238823,16.0
false_positive,9,d2m_c,-0.20227596,0.20227596,4.0
false_positive,9,msl_hpa,-0.24348712,0.24348712,3.0
false_positive,9,sp_hpa,-0.13707088,0.13707088,6.0
false_positive,9,tcc,0.03511681,0.03511681,19.0
false_positive,9,u10,-0.029302312,0.029302312,20.0
false_positive,9,v10,-0.018611135,0.018611135,25.0
false_positive,9,wind_speed_10m,-0.0044702,0.0044702,30.0
false_positive,9,month,0.0027118474,0.0027118474,32.0
false_positive,9,dayofyear,0.040675946,0.040675946,17.0
false_positive,9,hour,-0.0857861,0.0857861,7.0
false_positive,9,month_sin,0.0016149253,0.0016149253,33.0
false_positive,9,month_cos,-0.046049103,0.046049103,15.0
false_positive,9,hour_sin,-0.07416081,0.07416081,10.0
false_positive,9,hour_cos,0.028850846,0.028850846,21.0
false_positive,9,msl_hpa_lag1,-0.1986912,0.1986912,5.0
false_positive,9,msl_hpa_lag3,-0.05246526,0.05246526,13.0
false_positive,9,msl_hpa_lag6,-0.03769574,0.03769574,18.0
false_positive,9,d2m_c_lag1,-0.078411154,0.078411154,8.0
false_positive,9,d2m_c_lag3,-0.0076501374,0.0076501374,28.0
false_positive,9,tcc_lag1,-0.0130009,0.0130009,27.0
false_positive,9,tcc_lag3,-0.01814627,0.01814627,26.0
false_positive,9,wind_speed_10m_lag1,-0.00040171252,0.00040171252,34.0
false_positive,9,wind_speed_10m_lag3,-0.0039837873,0.0039837873,31.0
false_positive,9,tp_mm_lag1,-3.2177052,3.2177052,1.0
false_positive,9,tp_mm_lag3,0.07387904,0.07387904,11.0
false_positive,9,tp_mm_lag6,0.020222628,0.020222628,23.0
false_positive,9,msl_hpa_roll6_mean,-0.07772347,0.07772347,9.0
false_positive,9,d2m_c_roll6_mean,-0.04932186,0.04932186,14.0
false_positive,9,tcc_roll6_mean,-0.061564326,0.061564326,12.0
false_positive,9,wind_speed_10m_roll6_mean,-0.0047004875,0.0047004875,29.0
false_positive,9,wind_speed_10m_roll6_max,-0.020278845,0.020278845,22.0
false_positive,9,tp_mm_roll6_sum,-0.83803195,0.83803195,2.0
false_positive,9,tp_mm_roll24_sum,-0.019559015,0.019559015,24.0
false_negative,0,t2m_c,-0.069214664,0.069214664,11.0
false_negative,0,d2m_c,-0.24752203,0.24752203,4.0
false_negative,0,msl_hpa,-0.30933982,0.30933982,3.0
false_negative,0,sp_hpa,-0.14431754,0.14431754,6.0
false_negative,0,tcc,0.014196645,0.014196645,26.0
false_negative,0,u10,-0.02510054,0.02510054,20.0
false_negative,0,v10,-0.016850112,0.016850112,24.0
false_negative,0,wind_speed_10m,-0.0038640471,0.0038640471,30.0
false_negative,0,month,0.0027118474,0.0027118474,32.0
false_negative,0,dayofyear,0.05058539,0.05058539,15.0
false_negative,0,hour,-0.088599876,0.088599876,8.0
false_negative,0,month_sin,0.0016149253,0.0016149253,34.0
false_negative,0,month_cos,-0.06920846,0.06920846,12.0
false_negative,0,hour_sin,-0.017908234,0.017908234,23.0
false_negative,0,hour_cos,0.03552865,0.03552865,19.0
false_negative,0,msl_hpa_lag1,-0.21759939,0.21759939,5.0
false_negative,0,msl_hpa_lag3,-0.06512827,0.06512827,13.0
false_negative,0,msl_hpa_lag6,-0.035707176,0.035707176,18.0
false_negative,0,d2m_c_lag1,-0.060541093,0.060541093,14.0
false_negative,0,d2m_c_lag3,-0.007534156,0.007534156,27.0
false_negative,0,tcc_lag1,-0.0030422336,0.0030422336,31.0
false_negative,0,tcc_lag3,-0.018068956,0.018068956,22.0
false_negative,0,wind_speed_10m_lag1,-0.0022743016,0.0022743016,33.0
false_negative,0,wind_speed_10m_lag3,-0.0043131094,0.0043131094,29.0
false_negative,0,tp_mm_lag1,-2.771117,2.771117,1.0
false_negative,0,tp_mm_lag3,0.09986698,0.09986698,7.0
false_negative,0,tp_mm_lag6,0.049393147,0.049393147,16.0
false_negative,0,msl_hpa_roll6_mean,-0.077953726,0.077953726,9.0
false_negative,0,d2m_c_roll6_mean,-0.040481035,0.040481035,17.0
false_negative,0,tcc_roll6_mean,-0.074441485,0.074441485,10.0
false_negative,0,wind_speed_10m_roll6_mean,-0.0047004875,0.0047004875,28.0
false_negative,0,wind_speed_10m_roll6_max,-0.024210788,0.024210788,21.0
false_negative,0,tp_mm_roll6_sum,-0.68500936,0.68500936,2.0
false_negative,0,tp_mm_roll24_sum,-0.015264494,0.015264494,25.0
false_negative,1,t2m_c,-0.05315,0.05315,12.0
false_negative,1,d2m_c,-0.22037724,0.22037724,4.0
false_negative,1,msl_hpa,-0.28170672,0.28170672,3.0
false_negative,1,sp_hpa,-0.13774917,0.13774917,6.0
false_negative,1,tcc,0.016258571,0.016258571,24.0
false_negative,1,u10,-0.031482648,0.031482648,19.0
false_negative,1,v10,-0.013760574,0.013760574,25.0
false_negative,1,wind_speed_10m,-0.00305748,0.00305748,31.0
false_negative,1,month,0.0027118474,0.0027118474,32.0
false_negative,1,dayofyear,0.04342187,0.04342187,16.0
false_negative,1,hour,-0.029523887,0.029523887,20.0
false_negative,1,month_sin,0.0016149253,0.0016149253,33.0
false_negative,1,month_cos,-0.048979606,0.048979606,14.0
false_negative,1,hour_sin,-0.013367224,0.013367224,26.0
false_negative,1,hour_cos,0.03376191,0.03376191,18.0
false_negative,1,msl_hpa_lag1,-0.21334003,0.21334003,5.0
false_negative,1,msl_hpa_lag3,-0.065140106,0.065140106,10.0
false_negative,1,msl_hpa_lag6,-0.036994655,0.036994655,17.0
false_negative,1,d2m_c_lag1,-0.080466464,0.080466464,7.0
false_negative,1,d2m_c_lag3,-0.006301086,0.006301086,27.0
false_negative,1,tcc_lag1,-0.004783563,0.004783563,28.0
false_negative,1,tcc_lag3,-0.018068956,0.018068956,23.0
false_negative,1,wind_speed_10m_lag1,-0.0012511542,0.0012511542,34.0
false_negative,1,wind_speed_10m_lag3,-0.0039837873,0.0039837873,30.0
false_negative,1,tp_mm_lag1,-3.1813881,3.1813881,1.0
false_negative,1,tp_mm_lag3,0.072508216,0.072508216,9.0
false_negative,1,tp_mm_lag6,0.04680708,0.04680708,15.0
false_negative,1,msl_hpa_roll6_mean,-0.077953726,0.077953726,8.0
false_negative,1,d2m_c_roll6_mean,-0.04898126,0.04898126,13.0
false_negative,1,tcc_roll6_mean,-0.05622101,0.05622101,11.0
false_negative,1,wind_speed_10m_roll6_mean,-0.0047004875,0.0047004875,29.0
false_negative,1,wind_speed_10m_roll6_max,-0.02338124,0.02338124,22.0
false_negative,1,tp_mm_roll6_sum,-0.69180703,0.69180703,2.0
false_negative,1,tp_mm_roll24_sum,-0.025026374,0.025026374,21.0
false_negative,2,t2m_c,-0.057210665,0.057210665,12.0
false_negative,2,d2m_c,-0.2535032,0.2535032,4.0
false_negative,2,msl_hpa,-0.29163185,0.29163185,3.0
false_negative,2,sp_hpa,-0.14714912,0.14714912,6.0
false_negative,2,tcc,0.021070672,0.021070672,22.0
false_negative,2,u10,-0.017794881,0.017794881,24.0
false_negative,2,v10,-0.016399791,0.016399791,25.0
false_negative,2,wind_speed_10m,-0.00305748,0.00305748,30.0
false_negative,2,month,0.0027118474,0.0027118474,31.0
false_negative,2,dayofyear,0.04834951,0.04834951,15.0
false_negative,2,hour,-0.028977588,0.028977588,19.0
false_negative,2,month_sin,0.0016149253,0.0016149253,32.0
false_negative,2,month_cos,-0.048979606,0.048979606,13.0
false_negative,2,hour_sin,-0.014800032,0.014800032,26.0
false_negative,2,hour_cos,0.033471998,0.033471998,18.0
false_negative,2,msl_hpa_lag1,-0.22670223,0.22670223,5.0
false_negative,2,msl_hpa_lag3,-0.065140106,0.065140106,9.0
false_negative,2,msl_hpa_lag6,-0.037066214,0.037066214,17.0
false_negative,2,d2m_c_lag1,-0.058097944,0.058097944,10.0
false_negative,2,d2m_c_lag3,-0.0015756154,0.0015756154,33.0
false_negative,2,tcc_lag1,-0.0056319437,0.0056319437,27.0
false_negative,2,tcc_lag3,-0.018068956,0.018068956,23.0
false_negative,2,wind_speed_10m_lag1,-0.0010647267,0.0010647267,34.0
false_negative,2,wind_speed_10m_lag3,-0.0039837873,0.0039837873,29.0
false_negative,2,tp_mm_lag1,-3.1669378,3.1669378,1.0
false_negative,2,tp_mm_lag3,0.06983964,0.06983964,8.0
false_negative,2,tp_mm_lag6,0.044556513,0.044556513,16.0
false_negative,2,msl_hpa_roll6_mean,-0.07952671,0.07952671,7.0
false_negative,2,d2m_c_roll6_mean,-0.048682284,0.048682284,14.0
false_negative,2,tcc_roll6_mean,-0.057613987,0.057613987,11.0
false_negative,2,wind_speed_10m_roll6_mean,-0.004685831,0.004685831,28.0
false_negative,2,wind_speed_10m_roll6_max,-0.023835346,0.023835346,20.0
false_negative,2,tp_mm_roll6_sum,-0.5657894,0.5657894,2.0
false_negative,2,tp_mm_roll24_sum,-0.023096126,0.023096126,21.0
false_negative,3,t2m_c,-0.057020828,0.057020828,12.0
false_negative,3,d2m_c,-0.21474488,0.21474488,5.0
false_negative,3,msl_hpa,-0.29163185,0.29163185,3.0
false_negative,3,sp_hpa,-0.14714912,0.14714912,6.0
false_negative,3,tcc,0.0155768,0.0155768,24.0
false_negative,3,u10,-0.03048178,0.03048178,19.0
false_negative,3,v10,-0.01464086,0.01464086,26.0
false_negative,3,wind_speed_10m,-0.00305748,0.00305748,30.0
false_negative,3,month,0.0027118474,0.0027118474,31.0
false_negative,3,dayofyear,0.04834951,0.04834951,15.0
false_negative,3,hour,-0.028977588,0.028977588,20.0
false_negative,3,month_sin,0.0016149253,0.0016149253,32.0
false_negative,3,month_cos,-0.048979606,0.048979606,13.0
false_negative,3,hour_sin,-0.014652283,0.014652283,25.0
false_negative,3,hour_cos,0.035806287,0.035806287,18.0
false_negative,3,msl_hpa_lag1,-0.22526942,0.22526942,4.0
false_negative,3,msl_hpa_lag3,-0.06512827,0.06512827,10.0
false_negative,3,msl_hpa_lag6,-0.036874633,0.036874633,17.0
false_negative,3,d2m_c_lag1,-0.05836264,0.05836264,11.0
false_negative,3,d2m_c_lag3,-0.00055863697,0.00055863697,34.0
false_negative,3,tcc_lag1,-0.0067531704,0.0067531704,27.0
false_negative,3,tcc_lag3,-0.018068956,0.018068956,23.0
false_negative,3,wind_speed_10m_lag1,-0.001317701,0.001317701,33.0
false_negative,3,wind_speed_10m_lag3,-0.0039837873,0.0039837873,29.0
false_negative,3,tp_mm_lag1,-3.1799564,3.1799564,1.0
false_negative,3,tp_mm_lag3,0.06983964,0.06983964,8.0
false_negative,3,tp_mm_lag6,0.04345829,0.04345829,16.0
false_negative,3,msl_hpa_roll6_mean,-0.07733703,0.07733703,7.0
false_negative,3,d2m_c_roll6_mean,-0.04884178,0.04884178,14.0
false_negative,3,tcc_roll6_mean,-0.06793165,0.06793165,9.0
false_negative,3,wind_speed_10m_roll6_mean,-0.004685831,0.004685831,28.0
false_negative,3,wind_speed_10m_roll6_max,-0.023835346,0.023835346,21.0
false_negative,3,tp_mm_roll6_sum,-0.569491,0.569491,2.0
false_negative,3,tp_mm_roll24_sum,-0.023330871,0.023330871,22.0
false_negative,4,t2m_c,-0.06197636,0.06197636,13.0
false_negative,4,d2m_c,-0.22223921,0.22223921,4.0
false_negative,4,msl_hpa,-0.26679313,0.26679313,3.0
false_negative,4,sp_hpa,-0.14330938,0.14330938,6.0
false_negative,4,tcc,0.008838981,0.008838981,27.0
false_negative,4,u10,-0.02292215,0.02292215,21.0
false_negative,4,v10,-0.017789474,0.017789474,23.0
false_negative,4,wind_speed_10m,-0.005294982,0.005294982,29.0
false_negative,4,month,0.0027118474,0.0027118474,32.0
false_negative,4,dayofyear,0.0500529,0.0500529,15.0
false_negative,4,hour,-0.031747352,0.031747352,20.0
false_negative,4,month_sin,0.0016149253,0.0016149253,33.0
false_negative,4,month_cos,-0.0857732,0.0857732,9.0
false_negative,4,hour_sin,-0.076579146,0.076579146,11.0
false_negative,4,hour_cos,0.034035753,0.034035753,18.0
false_negative,4,msl_hpa_lag1,-0.19438115,0.19438115,5.0
false_negative,4,msl_hpa_lag3,-0.047634162,0.047634162,16.0
false_negative,4,msl_hpa_lag6,-0.03319413,0.03319413,19.0
false_negative,4,d2m_c_lag1,-0.058545,0.058545,14.0
false_negative,4,d2m_c_lag3,-0.008873418,0.008873418,26.0
false_negative,4,tcc_lag1,-0.0054738256,0.0054738256,28.0
false_negative,4,tcc_lag3,-0.015728904,0.015728904,25.0
false_negative,4,wind_speed_10m_lag1,-0.0011885999,0.0011885999,34.0
false_negative,4,wind_speed_10m_lag3,-0.0043131094,0.0043131094,31.0
false_negative,4,tp_mm_lag1,-2.7813413,2.7813413,1.0
false_negative,4,tp_mm_lag3,0.09786748,0.09786748,8.0
false_negative,4,tp_mm_lag6,0.11171999,0.11171999,7.0
false_negative,4,msl_hpa_roll6_mean,-0.077386424,0.077386424,10.0
false_negative,4,d2m_c_roll6_mean,-0.03773245,0.03773245,17.0
false_negative,4,tcc_roll6_mean,-0.0724748,0.0724748,12.0
false_negative,4,wind_speed_10m_roll6_mean,-0.0047004875,0.0047004875,30.0
false_negative,4,wind_speed_10m_roll6_max,-0.021530516,0.021530516,22.0
false_negative,4,tp_mm_roll6_sum,-0.7609153,0.7609153,2.0
false_negative,4,tp_mm_roll24_sum,-0.01608087,0.01608087,24.0
false_negative,5,t2m_c,-0.06907418,0.06907418,10.0
false_negative,5,d2m_c,-0.21708845,0.21708845,4.0
false_negative,5,msl_hpa,-0.29062566,0.29062566,3.0
false_negative,5,sp_hpa,-0.13862415,0.13862415,6.0
false_negative,5,tcc,0.013214008,0.013214008,26.0
false_negative,5,u10,-0.031123254,0.031123254,20.0
false_negative,5,v10,-0.020455705,0.020455705,23.0
false_negative,5,wind_speed_10m,-0.0030392653,0.0030392653,31.0
false_negative,5,month,0.0027118474,0.0027118474,32.0
false_negative,5,dayofyear,0.051698077,0.051698077,16.0
false_negative,5,hour,-0.028295513,0.028295513,21.0
false_negative,5,month_sin,0.0016149253,0.0016149253,33.0
false_negative,5,month_cos,-0.060597844,0.060597844,12.0
false_negative,5,hour_sin,-0.080507115,0.080507115,7.0
false_negative,5,hour_cos,0.03198541,0.03198541,19.0
false_negative,5,msl_hpa_lag1,-0.20518261,0.20518261,5.0
false_negative,5,msl_hpa_lag3,-0.05112066,0.05112066,17.0
false_negative,5,msl_hpa_lag6,-0.03520501,0.03520501,18.0
false_negative,5,d2m_c_lag1,-0.0645038,0.0645038,11.0
false_negative,5,d2m_c_lag3,-0.008375454,0.008375454,28.0
false_negative,5,tcc_lag1,-0.011699983,0.011699983,27.0
false_negative,5,tcc_lag3,-0.018068956,0.018068956,24.0
false_negative,5,wind_speed_10m_lag1,-0.00012013028,0.00012013028,34.0
false_negative,5,wind_speed_10m_lag3,-0.0039837873,0.0039837873,30.0
false_negative,5,tp_mm_lag1,-3.119779,3.119779,1.0
false_negative,5,tp_mm_lag3,0.069082595,0.069082595,9.0
false_negative,5,tp_mm_lag6,0.052103903,0.052103903,15.0
false_negative,5,msl_hpa_roll6_mean,-0.077386424,0.077386424,8.0
false_negative,5,d2m_c_roll6_mean,-0.057170425,0.057170425,13.0
false_negative,5,tcc_roll6_mean,-0.056528654,0.056528654,14.0
false_negative,5,wind_speed_10m_roll6_mean,-0.0047004875,0.0047004875,29.0
false_negative,5,wind_speed_10m_roll6_max,-0.02338124,0.02338124,22.0
false_negative,5,tp_mm_roll6_sum,-0.6847188,0.6847188,2.0
false_negative,5,tp_mm_roll24_sum,-0.016592195,0.016592195,25.0
false_negative,6,t2m_c,-0.05601708,0.05601708,12.0
false_negative,6,d2m_c,-0.23019849,0.23019849,4.0
false_negative,6,msl_hpa,-0.29163185,0.29163185,3.0
false_negative,6,sp_hpa,-0.14714912,0.14714912,6.0
false_negative,6,tcc,0.015019935,0.015019935,26.0
false_negative,6,u10,-0.020354722,0.020354722,23.0
false_negative,6,v10,-0.017762462,0.017762462,25.0
false_negative,6,wind_speed_10m,-0.0030392653,0.0030392653,31.0
false_negative,6,month,0.0027118474,0.0027118474,32.0
false_negative,6,dayofyear,0.048006896,0.048006896,16.0
false_negative,6,hour,-0.028977588,0.028977588,20.0
false_negative,6,month_sin,0.0016149253,0.0016149253,33.0
false_negative,6,month_cos,-0.04935226,0.04935226,14.0
false_negative,6,hour_sin,-0.074616775,0.074616775,8.0
false_negative,6,hour_cos,0.034917273,0.034917273,19.0
false_negative,6,msl_hpa_lag1,-0.21491866,0.21491866,5.0
false_negative,6,msl_hpa_lag3,-0.05112066,0.05112066,13.0
false_negative,6,msl_hpa_lag6,-0.037078865,0.037078865,18.0
false_negative,6,d2m_c_lag1,-0.058644667,0.058644667,11.0
false_negative,6,d2m_c_lag3,-0.0060798293,0.0060798293,28.0
false_negative,6,tcc_lag1,-0.014960412,0.014960412,27.0
false_negative,6,tcc_lag3,-0.018068956,0.018068956,24.0
false_negative,6,wind_speed_10m_lag1,-0.00023199935,0.00023199935,34.0
false_negative,6,wind_speed_10m_lag3,-0.0039837873,0.0039837873,30.0
false_negative,6,tp_mm_lag1,-3.1815958,3.1815958,1.0
false_negative,6,tp_mm_lag3,0.06846823,0.06846823,9.0
false_negative,6,tp_mm_lag6,0.04345829,0.04345829,17.0
false_negative,6,msl_hpa_roll6_mean,-0.07676974,0.07676974,7.0
false_negative,6,d2m_c_roll6_mean,-0.04884178,0.04884178,15.0
false_negative,6,tcc_roll6_mean,-0.0638859,0.0638859,10.0
false_negative,6,wind_speed_10m_roll6_mean,-0.004685831,0.004685831,29.0
false_negative,6,wind_speed_10m_roll6_max,-0.023835346,0.023835346,21.0
false_negative,6,tp_mm_roll6_sum,-0.5690929,0.5690929,2.0
false_negative,6,tp_mm_roll24_sum,-0.02360601,0.02360601,22.0
false_negative,7,t2m_c,-0.060495965,0.060495965,11.0
false_negative,7,d2m_c,-0.23041952,0.23041952,4.0
false_negative,7,msl_hpa,-0.24989133,0.24989133,3.0
false_negative,7,sp_hpa,-0.137616,0.137616,6.0
false_negative,7,tcc,0.0141692255,0.0141692255,25.0
false_negative,7,u10,-0.024173856,0.024173856,20.0
false_negative,7,v10,-0.01370647,0.01370647,27.0
false_negative,7,wind_speed_10m,-0.0044702,0.0044702,30.0
false_negative,7,month,0.0027118474,0.0027118474,32.0
false_negative,7,dayofyear,0.045816466,0.045816466,15.0
false_negative,7,hour,-0.02325412,0.02325412,21.0
false_negative,7,month_sin,0.0016149253,0.0016149253,33.0
false_negative,7,month_cos,-0.079693764,0.079693764,8.0
false_negative,7,hour_sin,-0.01763342,0.01763342,23.0
false_negative,7,hour_cos,0.032074384,0.032074384,17.0
false_negative,7,msl_hpa_lag1,-0.19403501,0.19403501,5.0
false_negative,7,msl_hpa_lag3,-0.05162912,0.05162912,14.0
false_negative,7,msl_hpa_lag6,-0.032301385,0.032301385,16.0
false_negative,7,d2m_c_lag1,-0.08558801,0.08558801,7.0
false_negative,7,d2m_c_lag3,-0.006319489,0.006319489,28.0
false_negative,7,tcc_lag1,-0.014003038,0.014003038,26.0
false_negative,7,tcc_lag3,-0.015728904,0.015728904,24.0
false_negative,7,wind_speed_10m_lag1,-0.00095285766,0.00095285766,34.0
false_negative,7,wind_speed_10m_lag3,-0.0039837873,0.0039837873,31.0
false_negative,7,tp_mm_lag1,-3.0987408,3.0987408,1.0
false_negative,7,tp_mm_lag3,0.07229532,0.07229532,10.0
false_negative,7,tp_mm_lag6,0.029721575,0.029721575,19.0
false_negative,7,msl_hpa_roll6_mean,-0.077953726,0.077953726,9.0
false_negative,7,d2m_c_roll6_mean,-0.05482823,0.05482823,13.0
false_negative,7,tcc_roll6_mean,-0.05653545,0.05653545,12.0
false_negative,7,wind_speed_10m_roll6_mean,-0.0047004875,0.0047004875,29.0
false_negative,7,wind_speed_10m_roll6_max,-0.020577615,0.020577615,22.0
false_negative,7,tp_mm_roll6_sum,-0.84103656,0.84103656,2.0
false_negative,7,tp_mm_roll24_sum,-0.031095015,0.031095015,18.0
false_negative,8,t2m_c,-0.055592053,0.055592053,13.0
false_negative,8,d2m_c,-0.2084911,0.2084911,4.0
false_negative,8,msl_hpa,-0.2842862,0.2842862,3.0
false_negative,8,sp_hpa,-0.13774917,0.13774917,6.0
false_negative,8,tcc,0.0062799747,0.0062799747,27.0
false_negative,8,u10,-0.032858804,0.032858804,20.0
false_negative,8,v10,-0.016084645,0.016084645,24.0
false_negative,8,wind_speed_10m,-0.00305748,0.00305748,31.0
false_negative,8,month,0.0027118474,0.0027118474,32.0
false_negative,8,dayofyear,0.043079253,0.043079253,17.0
false_negative,8,hour,-0.029523887,0.029523887,21.0
false_negative,8,month_sin,0.0016149253,0.0016149253,33.0
false_negative,8,month_cos,-0.0653411,0.0653411,11.0
false_negative,8,hour_sin,-0.07051781,0.07051781,10.0
false_negative,8,hour_cos,0.033485062,0.033485062,19.0
false_negative,8,msl_hpa_lag1,-0.20162201,0.20162201,5.0
false_negative,8,msl_hpa_lag3,-0.048095606,0.048095606,15.0
false_negative,8,msl_hpa_lag6,-0.034068737,0.034068737,18.0
false_negative,8,d2m_c_lag1,-0.08052765,0.08052765,7.0
false_negative,8,d2m_c_lag3,-0.00825878,0.00825878,26.0
false_negative,8,tcc_lag1,-0.0051867957,0.0051867957,28.0
false_negative,8,tcc_lag3,-0.01565159,0.01565159,25.0
false_negative,8,wind_speed_10m_lag1,-0.00041842696,0.00041842696,34.0
false_negative,8,wind_speed_10m_lag3,-0.0039837873,0.0039837873,30.0
false_negative,8,tp_mm_lag1,-3.19635,3.19635,1.0
false_negative,8,tp_mm_lag3,0.07175116,0.07175116,9.0
false_negative,8,tp_mm_lag6,0.047478404,0.047478404,16.0
false_negative,8,msl_hpa_roll6_mean,-0.077386424,0.077386424,8.0
false_negative,8,d2m_c_roll6_mean,-0.04898126,0.04898126,14.0
false_negative,8,tcc_roll6_mean,-0.06301887,0.06301887,12.0
false_negative,8,wind_speed_10m_roll6_mean,-0.0047004875,0.0047004875,29.0
false_negative,8,wind_speed_10m_roll6_max,-0.02338124,0.02338124,22.0
false_negative,8,tp_mm_roll6_sum,-0.685687,0.685687,2.0
false_negative,8,tp_mm_roll24_sum,-0.018036166,0.018036166,23.0
false_negative,9,t2m_c,-0.050240275,0.050240275,15.0
false_negative,9,d2m_c,-0.20566942,0.20566942,4.0
false_negative,9,msl_hpa,-0.24365982,0.24365982,3.0
false_negative,9,sp_hpa,-0.13674101,0.13674101,6.0
false_negative,9,tcc,0.014159372,0.014159372,26.0
false_negative,9,u10,-0.029302312,0.029302312,21.0
false_negative,9,v10,-0.020933116,0.020933116,22.0
false_negative,9,wind_speed_10m,-0.0044702,0.0044702,30.0
false_negative,9,month,0.0027118474,0.0027118474,32.0
false_negative,9,dayofyear,0.045603584,0.045603584,18.0
false_negative,9,hour,-0.07565541,0.07565541,9.0
false_negative,9,month_sin,0.0016149253,0.0016149253,33.0
false_negative,9,month_cos,-0.047360566,0.047360566,16.0
false_negative,9,hour_sin,-0.075569116,0.075569116,10.0
false_negative,9,hour_cos,0.031427305,0.031427305,20.0
false_negative,9,msl_hpa_lag1,-0.19587575,0.19587575,5.0
false_negative,9,msl_hpa_lag3,-0.05065921,0.05065921,14.0
false_negative,9,msl_hpa_lag6,-0.037575986,0.037575986,19.0
false_negative,9,d2m_c_lag1,-0.061614648,0.061614648,13.0
false_negative,9,d2m_c_lag3,-0.007632746,0.007632746,28.0
false_negative,9,tcc_lag1,-0.011699983,0.011699983,27.0
false_negative,9,tcc_lag3,-0.01814627,0.01814627,25.0
false_negative,9,wind_speed_10m_lag1,-0.00041842696,0.00041842696,34.0
false_negative,9,wind_speed_10m_lag3,-0.0039837873,0.0039837873,31.0
false_negative,9,tp_mm_lag1,-3.2080376,3.2080376,1.0
false_negative,9,tp_mm_lag3,0.069284886,0.069284886,11.0
false_negative,9,tp_mm_lag6,0.108729154,0.108729154,7.0
false_negative,9,msl_hpa_roll6_mean,-0.077386424,0.077386424,8.0
false_negative,9,d2m_c_roll6_mean,-0.046877306,0.046877306,17.0
false_negative,9,tcc_roll6_mean,-0.0619942,0.0619942,12.0
false_negative,9,wind_speed_10m_roll6_mean,-0.0047004875,0.0047004875,29.0
false_negative,9,wind_speed_10m_roll6_max,-0.020454263,0.020454263,23.0
false_negative,9,tp_mm_roll6_sum,-0.7595048,0.7595048,2.0
false_negative,9,tp_mm_roll24_sum,-0.018731512,0.018731512,24.0
true_negative,0,t2m_c,-0.04070903,0.04070903,14.0
true_negative,0,d2m_c,-0.25349241,0.25349241,3.0
true_negative,0,msl_hpa,-0.24482407,0.24482407,4.0
true_negative,0,sp_hpa,-0.14336775,0.14336775,6.0
true_negative,0,tcc,-0.037524853,0.037524853,17.0
true_negative,0,u10,-0.020218335,0.020218335,24.0
true_negative,0,v10,-0.02164326,0.02164326,22.0
true_negative,0,wind_speed_10m,-0.009484364,0.009484364,27.0
true_negative,0,month,0.0027118474,0.0027118474,31.0
true_negative,0,dayofyear,0.050617382,0.050617382,12.0
true_negative,0,hour,-0.03010039,0.03010039,20.0
true_negative,0,month_sin,0.0016149253,0.0016149253,33.0
true_negative,0,month_cos,-0.06829334,0.06829334,10.0
true_negative,0,hour_sin,0.008888509,0.008888509,28.0
true_negative,0,hour_cos,0.038496584,0.038496584,16.0
true_negative,0,msl_hpa_lag1,-0.20235953,0.20235953,5.0
true_negative,0,msl_hpa_lag3,-0.06499499,0.06499499,11.0
true_negative,0,msl_hpa_lag6,-0.036275856,0.036275856,18.0
true_negative,0,d2m_c_lag1,-0.0504158,0.0504158,13.0
true_negative,0,d2m_c_lag3,-0.0015890887,0.0015890887,34.0
true_negative,0,tcc_lag1,-0.009726297,0.009726297,26.0
true_negative,0,tcc_lag3,-0.016322156,0.016322156,25.0
true_negative,0,wind_speed_10m_lag1,-0.0021990351,0.0021990351,32.0
true_negative,0,wind_speed_10m_lag3,-0.003662407,0.003662407,30.0
true_negative,0,tp_mm_lag1,-2.7432938,2.7432938,1.0
true_negative,0,tp_mm_lag3,0.09559133,0.09559133,7.0
true_negative,0,tp_mm_lag6,0.024497718,0.024497718,21.0
true_negative,0,msl_hpa_roll6_mean,-0.08014341,0.08014341,8.0
true_negative,0,d2m_c_roll6_mean,-0.04066048,0.04066048,15.0
true_negative,0,tcc_roll6_mean,-0.06979706,0.06979706,9.0
true_negative,0,wind_speed_10m_roll6_mean,-0.0047004875,0.0047004875,29.0
true_negative,0,wind_speed_10m_roll6_max,-0.021530516,0.021530516,23.0
true_negative,0,tp_mm_roll6_sum,-0.83762425,0.83762425,2.0
true_negative,0,tp_mm_roll24_sum,-0.031668376,0.031668376,19.0
true_negative,1,t2m_c,-0.02779319,0.02779319,18.0
true_negative,1,d2m_c,-0.2336993,0.2336993,3.0
true_negative,1,msl_hpa,-0.21987842,0.21987842,4.0
true_negative,1,sp_hpa,-0.14599098,0.14599098,6.0
true_negative,1,tcc,-0.035521198,0.035521198,17.0
true_negative,1,u10,-0.027782133,0.027782133,19.0
true_negative,1,v10,-0.020953411,0.020953411,20.0
true_negative,1,wind_speed_10m,-0.0086595835,0.0086595835,28.0
true_negative,1,month,0.0027118474,0.0027118474,31.0
true_negative,1,dayofyear,0.047274787,0.047274787,14.0
true_negative,1,hour,0.010703663,0.010703663,27.0
true_negative,1,month_sin,0.0016149253,0.0016149253,32.0
true_negative,1,month_cos,-0.0489542,0.0489542,13.0
true_negative,1,hour_sin,0.013429517,0.013429517,26.0
true_negative,1,hour_cos,0.03964865,0.03964865,15.0
true_negative,1,msl_hpa_lag1,-0.2002935,0.2002935,5.0
true_negative,1,msl_hpa_lag3,-0.06499499,0.06499499,9.0
true_negative,1,msl_hpa_lag6,-0.037371755,0.037371755,16.0
true_negative,1,d2m_c_lag1,-0.050767504,0.050767504,12.0
true_negative,1,d2m_c_lag3,-0.00034841552,0.00034841552,34.0
true_negative,1,tcc_lag1,-0.01596255,0.01596255,25.0
true_negative,1,tcc_lag3,-0.016322156,0.016322156,24.0
true_negative,1,wind_speed_10m_lag1,-0.0014288622,0.0014288622,33.0
true_negative,1,wind_speed_10m_lag3,-0.0033330845,0.0033330845,30.0
true_negative,1,tp_mm_lag1,-3.1763988,3.1763988,1.0
true_negative,1,tp_mm_lag3,0.06681453,0.06681453,8.0
true_negative,1,tp_mm_lag6,0.018403845,0.018403845,23.0
true_negative,1,msl_hpa_roll6_mean,-0.077953726,0.077953726,7.0
true_negative,1,d2m_c_roll6_mean,-0.05176715,0.05176715,11.0
true_negative,1,tcc_roll6_mean,-0.057144184,0.057144184,10.0
true_negative,1,wind_speed_10m_roll6_mean,-0.0047004875,0.0047004875,29.0
true_negative,1,wind_speed_10m_roll6_max,-0.020577615,0.020577615,21.0
true_negative,1,tp_mm_roll6_sum,-0.8407412,0.8407412,2.0
true_negative,1,tp_mm_roll24_sum,-0.0196128,0.0196128,22.0
true_negative,2,t2m_c,-0.033893798,0.033893798,19.0
true_negative,2,d2m_c,-0.23786755,0.23786755,4.0
true_negative,2,msl_hpa,-0.26231715,0.26231715,3.0
true_negative,2,sp_hpa,-0.14699914,0.14699914,6.0
true_negative,2,tcc,-0.03570121,0.03570121,17.0
true_negative,2,u10,-0.03116231,0.03116231,20.0
true_negative,2,v10,-0.023619642,0.023619642,22.0
true_negative,2,wind_speed_10m,-0.007228649,0.007228649,27.0
true_negative,2,month,0.0027118474,0.0027118474,31.0
true_negative,2,dayofyear,0.048571378,0.048571378,14.0
true_negative,2,hour,0.0054495297,0.0054495297,28.0
true_negative,2,month_sin,0.0016149253,0.0016149253,32.0
true_negative,2,month_cos,-0.04984843,0.04984843,13.0
true_negative,2,hour_sin,0.014329745,0.014329745,26.0
true_negative,2,hour_cos,0.042196978,0.042196978,15.0
true_negative,2,msl_hpa_lag1,-0.21823125,0.21823125,5.0
true_negative,2,msl_hpa_lag3,-0.06545644,0.06545644,9.0
true_negative,2,msl_hpa_lag6,-0.037150465,0.037150465,16.0
true_negative,2,d2m_c_lag1,-0.050767504,0.050767504,12.0
true_negative,2,d2m_c_lag3,0.0005626929,0.0005626929,34.0
true_negative,2,tcc_lag1,-0.014577368,0.014577368,25.0
true_negative,2,tcc_lag3,-0.016244842,0.016244842,24.0
true_negative,2,wind_speed_10m_lag1,-0.0014288622,0.0014288622,33.0
true_negative,2,wind_speed_10m_lag3,-0.0033330845,0.0033330845,30.0
true_negative,2,tp_mm_lag1,-3.1724434,3.1724434,1.0
true_negative,2,tp_mm_lag3,0.06764178,0.06764178,8.0
true_negative,2,tp_mm_lag6,0.030602071,0.030602071,21.0
true_negative,2,msl_hpa_roll6_mean,-0.08014341,0.08014341,7.0
true_negative,2,d2m_c_roll6_mean,-0.05394985,0.05394985,11.0
true_negative,2,tcc_roll6_mean,-0.057808924,0.057808924,10.0
true_negative,2,wind_speed_10m_roll6_mean,-0.0047004875,0.0047004875,29.0
true_negative,2,wind_speed_10m_roll6_max,-0.02338124,0.02338124,23.0
true_negative,2,tp_mm_roll6_sum,-0.6841953,0.6841953,2.0
true_negative,2,tp_mm_roll24_sum,-0.034012526,0.034012526,18.0
true_negative,3,t2m_c,-0.033893798,0.033893798,19.0
true_negative,3,d2m_c,-0.22342522,0.22342522,4.0
true_negative,3,msl_hpa,-0.26231715,0.26231715,3.0
true_negative,3,sp_hpa,-0.14699914,0.14699914,6.0
true_negative,3,tcc,-0.03765967,0.03765967,16.0
true_negative,3,u10,-0.032346,0.032346,21.0
true_negative,3,v10,-0.023619642,0.023619642,22.0
true_negative,3,wind_speed_10m,-0.007228649,0.007228649,27.0
true_negative,3,month,0.0027118474,0.0027118474,31.0
true_negative,3,dayofyear,0.048571378,0.048571378,14.0
true_negative,3,hour,0.0054495297,0.0054495297,28.0
true_negative,3,month_sin,0.0016149253,0.0016149253,32.0
true_negative,3,month_cos,-0.04984843,0.04984843,13.0
true_negative,3,hour_sin,0.013163471,0.013163471,26.0
true_negative,3,hour_cos,0.04131716,0.04131716,15.0
true_negative,3,msl_hpa_lag1,-0.21823125,0.21823125,5.0
true_negative,3,msl_hpa_lag3,-0.06545644,0.06545644,10.0
true_negative,3,msl_hpa_lag6,-0.03697677,0.03697677,17.0
true_negative,3,d2m_c_lag1,-0.050767504,0.050767504,12.0
true_negative,3,d2m_c_lag3,0.0005626929,0.0005626929,34.0
true_negative,3,tcc_lag1,-0.01596255,0.01596255,25.0
true_negative,3,tcc_lag3,-0.018068956,0.018068956,24.0
true_negative,3,wind_speed_10m_lag1,-0.0014288622,0.0014288622,33.0
true_negative,3,wind_speed_10m_lag3,-0.0033330845,0.0033330845,30.0
true_negative,3,tp_mm_lag1,-3.1754913,3.1754913,1.0
true_negative,3,tp_mm_lag3,0.066806436,0.066806436,8.0
true_negative,3,tp_mm_lag6,0.03236171,0.03236171,20.0
true_negative,3,msl_hpa_roll6_mean,-0.077953726,0.077953726,7.0
true_negative,3,d2m_c_roll6_mean,-0.054109346,0.054109346,11.0
true_negative,3,tcc_roll6_mean,-0.065978,0.065978,9.0
true_negative,3,wind_speed_10m_roll6_mean,-0.0047004875,0.0047004875,29.0
true_negative,3,wind_speed_10m_roll6_max,-0.02338124,0.02338124,23.0
true_negative,3,tp_mm_roll6_sum,-0.6824687,0.6824687,2.0
true_negative,3,tp_mm_roll24_sum,-0.034012526,0.034012526,18.0
true_negative,4,t2m_c,-0.0395739,0.0395739,14.0
true_negative,4,d2m_c,-0.23348652,0.23348652,4.0
true_negative,4,msl_hpa,-0.24482407,0.24482407,3.0
true_negative,4,sp_hpa,-0.15283087,0.15283087,6.0
true_negative,4,tcc,-0.037524853,0.037524853,16.0
true_negative,4,u10,-0.020218283,0.020218283,22.0
true_negative,4,v10,-0.020953411,0.020953411,21.0
true_negative,4,wind_speed_10m,-0.005294982,0.005294982,28.0
true_negative,4,month,0.0027118474,0.0027118474,32.0
true_negative,4,dayofyear,0.049477406,0.049477406,13.0
true_negative,4,hour,0.014183285,0.014183285,25.0
true_negative,4,month_sin,0.0016149253,0.0016149253,34.0
true_negative,4,month_cos,-0.090728104,0.090728104,8.0
true_negative,4,hour_sin,-0.019651446,0.019651446,24.0
true_negative,4,hour_cos,0.038613155,0.038613155,15.0
true_negative,4,msl_hpa_lag1,-0.19879892,0.19879892,5.0
true_negative,4,msl_hpa_lag3,-0.05162912,0.05162912,11.0
true_negative,4,msl_hpa_lag6,-0.033181477,0.033181477,18.0
true_negative,4,d2m_c_lag1,-0.051407635,0.051407635,12.0
true_negative,4,d2m_c_lag3,-0.0035463972,0.0035463972,31.0
true_negative,4,tcc_lag1,-0.009726297,0.009726297,27.0
true_negative,4,tcc_lag3,-0.01390479,0.01390479,26.0
true_negative,4,wind_speed_10m_lag1,-0.0022743016,0.0022743016,33.0
true_negative,4,wind_speed_10m_lag3,-0.003662407,0.003662407,30.0
true_negative,4,tp_mm_lag1,-2.7500076,2.7500076,1.0
true_negative,4,tp_mm_lag3,0.09559133,0.09559133,7.0
true_negative,4,tp_mm_lag6,0.01970866,0.01970866,23.0
true_negative,4,msl_hpa_roll6_mean,-0.08014341,0.08014341,9.0
true_negative,4,d2m_c_roll6_mean,-0.035959013,0.035959013,17.0
true_negative,4,tcc_roll6_mean,-0.075876184,0.075876184,10.0
true_negative,4,wind_speed_10m_roll6_mean,-0.0047004875,0.0047004875,29.0
true_negative,4,wind_speed_10m_roll6_max,-0.021530516,0.021530516,20.0
true_negative,4,tp_mm_roll6_sum,-0.8358367,0.8358367,2.0
true_negative,4,tp_mm_roll24_sum,-0.031668376,0.031668376,19.0
true_negative,5,t2m_c,-0.041416697,0.041416697,16.0
true_negative,5,d2m_c,-0.2255226,0.2255226,4.0
true_negative,5,msl_hpa,-0.22610992,0.22610992,3.0
true_negative,5,sp_hpa,-0.16117299,0.16117299,6.0
true_negative,5,tcc,-0.035775173,0.035775173,18.0
true_negative,5,u10,-0.025969561,0.025969561,20.0
true_negative,5,v10,-0.023619642,0.023619642,21.0
true_negative,5,wind_speed_10m,-0.0044702,0.0044702,29.0
true_negative,5,month,0.0027118474,0.0027118474,31.0
true_negative,5,dayofyear,0.049825996,0.049825996,14.0
true_negative,5,hour,0.011719297,0.011719297,27.0
true_negative,5,month_sin,0.0016149253,0.0016149253,32.0
true_negative,5,month_cos,-0.059251,0.059251,11.0
true_negative,5,hour_sin,-0.01734691,0.01734691,24.0
true_negative,5,hour_cos,0.038970184,0.038970184,17.0
true_negative,5,msl_hpa_lag1,-0.2002935,0.2002935,5.0
true_negative,5,msl_hpa_lag3,-0.06499499,0.06499499,9.0
true_negative,5,msl_hpa_lag6,-0.035395764,0.035395764,19.0
true_negative,5,d2m_c_lag1,-0.056880884,0.056880884,13.0
true_negative,5,d2m_c_lag3,-0.0014130191,0.0014130191,33.0
true_negative,5,tcc_lag1,-0.01596255,0.01596255,26.0
true_negative,5,tcc_lag3,-0.016322156,0.016322156,25.0
true_negative,5,wind_speed_10m_lag1,-0.0012058319,0.0012058319,34.0
true_negative,5,wind_speed_10m_lag3,-0.0033330845,0.0033330845,30.0
true_negative,5,tp_mm_lag1,-3.106279,3.106279,1.0
true_negative,5,tp_mm_lag3,0.06742889,0.06742889,8.0
true_negative,5,tp_mm_lag6,0.02025631,0.02025631,23.0
true_negative,5,msl_hpa_roll6_mean,-0.077953726,0.077953726,7.0
true_negative,5,d2m_c_roll6_mean,-0.04691485,0.04691485,15.0
true_negative,5,tcc_roll6_mean,-0.057836283,0.057836283,12.0
true_negative,5,wind_speed_10m_roll6_mean,-0.0047004875,0.0047004875,28.0
true_negative,5,wind_speed_10m_roll6_max,-0.020577615,0.020577615,22.0
true_negative,5,tp_mm_roll6_sum,-0.8308886,0.8308886,2.0
true_negative,5,tp_mm_roll24_sum,-0.063939765,0.063939765,10.0
true_negative,6,t2m_c,-0.034422193,0.034422193,19.0
true_negative,6,d2m_c,-0.21794999,0.21794999,5.0
true_negative,6,msl_hpa,-0.26231715,0.26231715,3.0
true_negative,6,sp_hpa,-0.16130614,0.16130614,6.0
true_negative,6,tcc,-0.035632055,0.035632055,18.0
true_negative,6,u10,-0.032098666,0.032098666,20.0
true_negative,6,v10,-0.020953411,0.020953411,24.0
true_negative,6,wind_speed_10m,-0.0030392653,0.0030392653,31.0
true_negative,6,month,0.0027118474,0.0027118474,32.0
true_negative,6,dayofyear,0.047431402,0.047431402,15.0
true_negative,6,hour,0.0054495297,0.0054495297,28.0
true_negative,6,month_sin,0.0016149253,0.0016149253,33.0
true_negative,6,month_cos,-0.049933214,0.049933214,13.0
true_negative,6,hour_sin,-0.013923697,0.013923697,26.0
true_negative,6,hour_cos,0.040638693,0.040638693,16.0
true_negative,6,msl_hpa_lag1,-0.21823125,0.21823125,4.0
true_negative,6,msl_hpa_lag3,-0.06545644,0.06545644,9.0
true_negative,6,msl_hpa_lag6,-0.037150465,0.037150465,17.0
true_negative,6,d2m_c_lag1,-0.05175934,0.05175934,12.0
true_negative,6,d2m_c_lag3,-0.0070796157,0.0070796157,27.0
true_negative,6,tcc_lag1,-0.02592041,0.02592041,22.0
true_negative,6,tcc_lag3,-0.016244842,0.016244842,25.0
true_negative,6,wind_speed_10m_lag1,-0.0015041284,0.0015041284,34.0
true_negative,6,wind_speed_10m_lag3,-0.0033330845,0.0033330845,30.0
true_negative,6,tp_mm_lag1,-3.152468,3.152468,1.0
true_negative,6,tp_mm_lag3,0.06199998,0.06199998,10.0
true_negative,6,tp_mm_lag6,0.029425114,0.029425114,21.0
true_negative,6,msl_hpa_roll6_mean,-0.08014341,0.08014341,7.0
true_negative,6,d2m_c_roll6_mean,-0.04941654,0.04941654,14.0
true_negative,6,tcc_roll6_mean,-0.05717518,0.05717518,11.0
true_negative,6,wind_speed_10m_roll6_mean,-0.0047004875,0.0047004875,29.0
true_negative,6,wind_speed_10m_roll6_max,-0.02338124,0.02338124,23.0
true_negative,6,tp_mm_roll6_sum,-0.674563,0.674563,2.0
true_negative,6,tp_mm_roll24_sum,-0.06583842,0.06583842,8.0
true_negative,7,t2m_c,-0.0408883,0.0408883,16.0
true_negative,7,d2m_c,-0.24539626,0.24539626,3.0
true_negative,7,msl_hpa,-0.22610992,0.22610992,4.0
true_negative,7,sp_hpa,-0.16090147,0.16090147,6.0
true_negative,7,tcc,-0.038056765,0.038056765,18.0
true_negative,7,u10,-0.025971562,0.025971562,20.0
true_negative,7,v10,-0.020953411,0.020953411,22.0
true_negative,7,wind_speed_10m,-0.0086595835,0.0086595835,28.0
true_negative,7,month,0.0027118474,0.0027118474,32.0
true_negative,7,dayofyear,0.050965972,0.050965972,15.0
true_negative,7,hour,0.011719297,0.011719297,26.0
true_negative,7,month_sin,0.0016149253,0.0016149253,33.0
true_negative,7,month_cos,-0.08032476,0.08032476,7.0
true_negative,7,hour_sin,0.008711329,0.008711329,27.0
true_negative,7,hour_cos,0.038971692,0.038971692,17.0
true_negative,7,msl_hpa_lag1,-0.1961509,0.1961509,5.0
true_negative,7,msl_hpa_lag3,-0.05162912,0.05162912,14.0
true_negative,7,msl_hpa_lag6,-0.032301385,0.032301385,19.0
true_negative,7,d2m_c_lag1,-0.058294818,0.058294818,11.0
true_negative,7,d2m_c_lag3,-0.0051407097,0.0051407097,29.0
true_negative,7,tcc_lag1,-0.02592041,0.02592041,21.0
true_negative,7,tcc_lag3,-0.01390479,0.01390479,25.0
true_negative,7,wind_speed_10m_lag1,-0.0011305654,0.0011305654,34.0
true_negative,7,wind_speed_10m_lag3,-0.0033330845,0.0033330845,31.0
true_negative,7,tp_mm_lag1,-3.0862205,3.0862205,1.0
true_negative,7,tp_mm_lag3,0.06090727,0.06090727,10.0
true_negative,7,tp_mm_lag6,0.02025631,0.02025631,24.0
true_negative,7,msl_hpa_roll6_mean,-0.077953726,0.077953726,8.0
true_negative,7,d2m_c_roll6_mean,-0.05176715,0.05176715,13.0
true_negative,7,tcc_roll6_mean,-0.057144184,0.057144184,12.0
true_negative,7,wind_speed_10m_roll6_mean,-0.0047004875,0.0047004875,30.0
true_negative,7,wind_speed_10m_roll6_max,-0.020577615,0.020577615,23.0
true_negative,7,tp_mm_roll6_sum,-0.82758385,0.82758385,2.0
true_negative,7,tp_mm_roll24_sum,-0.064312086,0.064312086,9.0
true_negative,8,t2m_c,-0.028321588,0.028321588,19.0
true_negative,8,d2m_c,-0.20027591,0.20027591,4.0
true_negative,8,msl_hpa,-0.22105958,0.22105958,3.0
true_negative,8,sp_hpa,-0.14626248,0.14626248,6.0
true_negative,8,tcc,-0.03812593,0.03812593,16.0
true_negative,8,u10,-0.027285669,0.027285669,20.0
true_negative,8,v10,-0.020953411,0.020953411,21.0
true_negative,8,wind_speed_10m,-0.0044702,0.0044702,29.0
true_negative,8,month,0.0027118474,0.0027118474,31.0
true_negative,8,dayofyear,0.046134815,0.046134815,14.0
true_negative,8,hour,0.010703663,0.010703663,27.0
true_negative,8,month_sin,0.0016149253,0.0016149253,33.0
true_negative,8,month_cos,-0.069401786,0.069401786,8.0
true_negative,8,hour_sin,-0.016395498,0.016395498,24.0
true_negative,8,hour_cos,0.038293224,0.038293224,15.0
true_negative,8,msl_hpa_lag1,-0.1967329,0.1967329,5.0
true_negative,8,msl_hpa_lag3,-0.05162912,0.05162912,12.0
true_negative,8,msl_hpa_lag6,-0.034277376,0.034277376,17.0
true_negative,8,d2m_c_lag1,-0.05175934,0.05175934,11.0
true_negative,8,d2m_c_lag3,-0.0018092607,0.0018092607,32.0
true_negative,8,tcc_lag1,-0.014577368,0.014577368,25.0
true_negative,8,tcc_lag3,-0.01390479,0.01390479,26.0
true_negative,8,wind_speed_10m_lag1,-0.0015041284,0.0015041284,34.0
true_negative,8,wind_speed_10m_lag3,-0.0033330845,0.0033330845,30.0
true_negative,8,tp_mm_lag1,-3.1802955,3.1802955,1.0
true_negative,8,tp_mm_lag3,0.06597918,0.06597918,10.0
true_negative,8,tp_mm_lag6,0.018403845,0.018403845,23.0
true_negative,8,msl_hpa_roll6_mean,-0.077953726,0.077953726,7.0
true_negative,8,d2m_c_roll6_mean,-0.047074344,0.047074344,13.0
true_negative,8,tcc_roll6_mean,-0.068806775,0.068806775,9.0
true_negative,8,wind_speed_10m_roll6_mean,-0.0047004875,0.0047004875,28.0
true_negative,8,wind_speed_10m_roll6_max,-0.020577615,0.020577615,22.0
true_negative,8,tp_mm_roll6_sum,-0.83673054,0.83673054,2.0
true_negative,8,tp_mm_roll24_sum,-0.03426168,0.03426168,18.0
true_negative,9,t2m_c,-0.028949691,0.028949691,19.0
true_negative,9,d2m_c,-0.21493529,0.21493529,4.0
true_negative,9,msl_hpa,-0.22105958,0.22105958,3.0
true_negative,9,sp_hpa,-0.15110639,0.15110639,6.0
true_negative,9,tcc,-0.035775173,0.035775173,18.0
true_negative,9,u10,-0.0275328,0.0275328,20.0
true_negative,9,v10,-0.02164326,0.02164326,22.0
true_negative,9,wind_speed_10m,-0.0044702,0.0044702,29.0
true_negative,9,month,0.0027118474,0.0027118474,31.0
true_negative,9,dayofyear,0.046134815,0.046134815,15.0
true_negative,9,hour,-0.022410046,0.022410046,21.0
true_negative,9,month_sin,0.0016149253,0.0016149253,33.0
true_negative,9,month_cos,-0.048085377,0.048085377,13.0
true_negative,9,hour_sin,-0.014823927,0.014823927,27.0
true_negative,9,hour_cos,0.037498184,0.037498184,17.0
true_negative,9,msl_hpa_lag1,-0.2002935,0.2002935,5.0
true_negative,9,msl_hpa_lag3,-0.06499499,0.06499499,10.0
true_negative,9,msl_hpa_lag6,-0.03754545,0.03754545,16.0
true_negative,9,d2m_c_lag1,-0.05175934,0.05175934,12.0
true_negative,9,d2m_c_lag3,-0.002305724,0.002305724,32.0
true_negative,9,tcc_lag1,-0.01596255,0.01596255,25.0
true_negative,9,tcc_lag3,-0.016322156,0.016322156,24.0
true_negative,9,wind_speed_10m_lag1,-0.0015041284,0.0015041284,34.0
true_negative,9,wind_speed_10m_lag3,-0.0033330845,0.0033330845,30.0
true_negative,9,tp_mm_lag1,-3.1485016,3.1485016,1.0
true_negative,9,tp_mm_lag3,0.06681453,0.06681453,8.0
true_negative,9,tp_mm_lag6,0.015467251,0.015467251,26.0
true_negative,9,msl_hpa_roll6_mean,-0.08014341,0.08014341,7.0
true_negative,9,d2m_c_roll6_mean,-0.04691485,0.04691485,14.0
true_negative,9,tcc_roll6_mean,-0.057928428,0.057928428,11.0
true_negative,9,wind_speed_10m_roll6_mean,-0.0047004875,0.0047004875,28.0
true_negative,9,wind_speed_10m_roll6_max,-0.020577615,0.020577615,23.0
true_negative,9,tp_mm_roll6_sum,-0.8289133,0.8289133,2.0
true_negative,9,tp_mm_roll24_sum,-0.06577259,0.06577259,9.0
