case,feature,feature_value,shap_value,abs_shap
true_positive,t2m_c,14.49585,-0.009582198,0.009582198
true_positive,d2m_c,14.037445,0.05294527,0.05294527
true_positive,msl_hpa,1005.2537,0.04327461,0.04327461
true_positive,sp_hpa,1004.565,0.039308533,0.039308533
true_positive,tcc,1.0,0.14491405,0.14491405
true_positive,u10,-0.0035095215,0.0065519065,0.0065519065
true_positive,v10,4.6902924,-0.009896346,0.009896346
true_positive,wind_speed_10m,4.690294,0.0045020855,0.0045020855
true_positive,month,7.0,-0.002170721,0.002170721
true_positive,dayofyear,208.0,-0.01788999,0.01788999
true_positive,hour,5.0,-0.07645165,0.07645165
true_positive,month_sin,-0.4999999999999997,0.00024988013,0.00024988013
true_positive,month_cos,-0.8660254037844388,0.02147705,0.02147705
true_positive,hour_sin,0.9659258262890684,-0.01723037,0.01723037
true_positive,hour_cos,0.2588190451025207,-0.03809982,0.03809982
true_positive,msl_hpa_lag1,1006.0744,0.02935504,0.02935504
true_positive,msl_hpa_lag3,1008.1106,0.009691695,0.009691695
true_positive,msl_hpa_lag6,1010.165,0.0055307914,0.0055307914
true_positive,d2m_c_lag1,13.799103,0.014495541,0.014495541
true_positive,d2m_c_lag3,13.3159485,0.01814258,0.01814258
true_positive,tcc_lag1,1.0,0.03589194,0.03589194
true_positive,tcc_lag3,1.0,-0.018661778,0.018661778
true_positive,wind_speed_10m_lag1,4.436113,-0.00061643764,0.00061643764
true_positive,wind_speed_10m_lag3,3.70403,0.0010086333,0.0010086333
true_positive,tp_mm_lag1,3.8285255,3.4402833,3.4402833
true_positive,tp_mm_lag3,1.4243126,0.09092678,0.09092678
true_positive,tp_mm_lag6,0.01335144,0.025287947,0.025287947
true_positive,msl_hpa_roll6_mean,1008.3450927734376,0.008549288,0.008549288
true_positive,d2m_c_roll6_mean,12.522364298502604,-0.0015185558,0.0015185558
true_positive,tcc_roll6_mean,1.0,-0.0689256,0.0689256
true_positive,wind_speed_10m_roll6_mean,3.688690106074015,-0.0008079567,0.0008079567
true_positive,wind_speed_10m_roll6_max,4.436112880706787,-0.0087954,0.0087954
true_positive,tp_mm_roll6_sum,8.70656967163086,0.39842963,0.39842963
true_positive,tp_mm_roll24_sum,9.563446044921877,0.026572566,0.026572566
false_positive,t2m_c,10.720123,-0.0018279173,0.0018279173
false_positive,d2m_c,10.410522,-0.02532022,0.02532022
false_positive,msl_hpa,978.4175,0.08584417,0.08584417
false_positive,sp_hpa,977.7355,0.054999802,0.054999802
false_positive,tcc,1.0,0.23083456,0.23083456
false_positive,u10,-6.754883,0.030256987,0.030256987
false_positive,v10,-1.1745758,-0.01110126,0.01110126
false_positive,wind_speed_10m,6.856243,0.0037605965,0.0037605965
false_positive,month,10.0,-0.00071964215,0.00071964215
false_positive,dayofyear,293.0,-0.017251493,0.017251493
false_positive,hour,11.0,-0.015167747,0.015167747
false_positive,month_sin,-0.8660254037844386,0.0011131441,0.0011131441
false_positive,month_cos,0.5000000000000001,-0.06485818,0.06485818
false_positive,hour_sin,0.258819045102521,-0.043216977,0.043216977
false_positive,hour_cos,-0.9659258262890682,0.03693666,0.03693666
false_positive,msl_hpa_lag1,979.54315,0.0471627,0.0471627
false_positive,msl_hpa_lag3,979.92065,-0.020246416,0.020246416
false_positive,msl_hpa_lag6,980.9481,-0.07825069,0.07825069
false_positive,d2m_c_lag1,10.612335,0.013527509,0.013527509
false_positive,d2m_c_lag3,11.352844,0.002259731,0.002259731
false_positive,tcc_lag1,1.0,0.04941176,0.04941176
false_positive,tcc_lag3,1.0,-0.019894067,0.019894067
false_positive,wind_speed_10m_lag1,6.8650694,0.00061653997,0.00061653997
false_positive,wind_speed_10m_lag3,7.1595197,-0.0026951313,0.0026951313
false_positive,tp_mm_lag1,2.4318695,3.4344144,3.4344144
false_positive,tp_mm_lag3,1.6202927,0.118062936,0.118062936
false_positive,tp_mm_lag6,0.36621094,-0.03399592,0.03399592
false_positive,msl_hpa_roll6_mean,980.2172037760416,-0.011159942,0.011159942
false_positive,d2m_c_roll6_mean,11.637308756510416,-0.0011059587,0.0011059587
false_positive,tcc_roll6_mean,1.0,-0.0765202,0.0765202
false_positive,wind_speed_10m_roll6_mean,6.903926293055217,-0.00037416068,0.00037416068
false_positive,wind_speed_10m_roll6_max,7.458025932312012,-0.002250548,0.002250548
false_positive,tp_mm_roll6_sum,8.221149444580078,0.41074997,0.41074997
false_positive,tp_mm_roll24_sum,11.76309585571289,0.032523986,0.032523986
false_negative,t2m_c,14.221405,-0.007558408,0.007558408
false_negative,d2m_c,10.545929,-0.0462509,0.0462509
false_negative,msl_hpa,1010.205,-0.00056547543,0.00056547543
false_negative,sp_hpa,1009.5117,-0.023605678,0.023605678
false_negative,tcc,0.92318726,-0.23763286,0.23763286
false_negative,u10,-3.3082886,0.02118652,0.02118652
false_negative,v10,-4.954239,-0.105446115,0.105446115
false_negative,wind_speed_10m,5.957286,-0.02110653,0.02110653
false_negative,month,6.0,-0.00036820758,0.00036820758
false_negative,dayofyear,170.0,0.022709554,0.022709554
false_negative,hour,0.0,-0.088396095,0.088396095
false_negative,month_sin,1.2246467991473532e-16,0.0014934347,0.0014934347
false_negative,month_cos,-1.0,0.036301736,0.036301736
false_negative,hour_sin,0.0,0.0058186054,0.0058186054
false_negative,hour_cos,1.0,-0.13632236,0.13632236
false_negative,msl_hpa_lag1,1011.98376,-0.012487818,0.012487818
false_negative,msl_hpa_lag3,1013.61,0.0030255252,0.0030255252
false_negative,msl_hpa_lag6,1013.96936,0.016487343,0.016487343
false_negative,d2m_c_lag1,11.364716,0.004973159,0.004973159
false_negative,d2m_c_lag3,13.387024,0.014300735,0.014300735
false_negative,tcc_lag1,0.94259644,-0.12873682,0.12873682
false_negative,tcc_lag3,0.65756226,0.0033881366,0.0033881366
false_negative,wind_speed_10m_lag1,7.211163,0.0040832567,0.0040832567
false_negative,wind_speed_10m_lag3,5.996489,-0.0022752953,0.0022752953
false_negative,tp_mm_lag1,2.4056435,3.0840347,3.0840347
false_negative,tp_mm_lag3,0.0009536743,0.039351817,0.039351817
false_negative,tp_mm_lag6,0.0,0.03174882,0.03174882
false_negative,msl_hpa_roll6_mean,1012.9925028483073,0.003318206,0.003318206
false_negative,d2m_c_roll6_mean,13.19505818684896,-0.002739114,0.002739114
false_negative,tcc_roll6_mean,0.7162729899088541,0.03291468,0.03291468
false_negative,wind_speed_10m_roll6_mean,6.132172664006551,-0.00095439784,0.00095439784
false_negative,wind_speed_10m_roll6_max,7.21116304397583,-0.004118464,0.004118464
false_negative,tp_mm_roll6_sum,4.726886749267578,0.31508252,0.31508252
false_negative,tp_mm_roll24_sum,4.8084259033203125,0.037888102,0.037888102
true_negative,t2m_c,-4.0191956,-0.13712071,0.13712071
true_negative,d2m_c,-4.4168396,-0.41940692,0.41940692
true_negative,msl_hpa,1028.0068,-0.18196511,0.18196511
true_negative,sp_hpa,1027.2557,-0.12247848,0.12247848
true_negative,tcc,0.37384033,-0.47913554,0.47913554
true_negative,u10,-0.3715973,-0.01911316,0.01911316
true_negative,v10,2.9695282,-0.034429,0.034429
true_negative,wind_speed_10m,2.9926882,-0.020811357,0.020811357
true_negative,month,12.0,-0.007721989,0.007721989
true_negative,dayofyear,351.0,-0.064198695,0.064198695
true_negative,hour,22.0,0.015653927,0.015653927
true_negative,month_sin,-2.4492935982947064e-16,0.0013968954,0.0013968954
true_negative,month_cos,1.0,-0.069254294,0.069254294
true_negative,hour_sin,-0.5000000000000004,0.010896109,0.010896109
true_negative,hour_cos,0.8660254037844384,-0.10821995,0.10821995
true_negative,msl_hpa_lag1,1027.4469,-0.1706022,0.1706022
true_negative,msl_hpa_lag3,1027.0669,-0.052836858,0.052836858
true_negative,msl_hpa_lag6,1026.5769,-0.026498586,0.026498586
true_negative,d2m_c_lag1,-4.1455994,-0.10158682,0.10158682
true_negative,d2m_c_lag3,-3.905426,-0.08082626,0.08082626
true_negative,tcc_lag1,0.9173584,-0.017378617,0.017378617
true_negative,tcc_lag3,0.64004517,-0.004356639,0.004356639
true_negative,wind_speed_10m_lag1,3.3183486,-0.0035648504,0.0035648504
true_negative,wind_speed_10m_lag3,3.2700617,-0.0024593624,0.0024593624
true_negative,tp_mm_lag1,0.0,-2.6553314,2.6553314
true_negative,tp_mm_lag3,0.0,0.042061195,0.042061195
true_negative,tp_mm_lag6,0.0,0.024204867,0.024204867
true_negative,msl_hpa_roll6_mean,1026.9577026367188,-0.046490207,0.046490207
true_negative,d2m_c_roll6_mean,-3.663019816080729,-0.061576545,0.061576545
true_negative,tcc_roll6_mean,0.5403849283854166,0.029206946,0.029206946
true_negative,wind_speed_10m_roll6_mean,3.381495634714762,-0.0033126066,0.0033126066
true_negative,wind_speed_10m_roll6_max,3.528489589691162,-0.042424932,0.042424932
true_negative,tp_mm_roll6_sum,0.0,-0.64508426,0.64508426
true_negative,tp_mm_roll24_sum,0.0042915344238281,-0.10007928,0.10007928
