case,feature,abs_shap,abs_lime_weight
false_negative,d2m_c,0.0462509,0.010655628807287574
false_negative,d2m_c_lag1,0.004973159,0.0
false_negative,d2m_c_lag3,0.014300735,0.0
false_negative,d2m_c_roll6_mean,0.002739114,0.009919708539829642
false_negative,dayofyear,0.022709554,0.009176702699375079
false_negative,hour,0.088396095,0.0
false_negative,hour_cos,0.13632236,0.011398859622726477
false_negative,hour_sin,0.0058186054,0.0
false_negative,month,0.00036820758,0.0
false_negative,month_cos,0.036301736,0.011101449910249318
false_negative,month_sin,0.0014934347,0.0
false_negative,msl_hpa,0.00056547543,0.0
false_negative,msl_hpa_lag1,0.012487818,0.0
false_negative,msl_hpa_lag3,0.0030255252,0.0
false_negative,msl_hpa_lag6,0.016487343,0.0
false_negative,msl_hpa_roll6_mean,0.003318206,0.0
false_negative,sp_hpa,0.023605678,0.0
false_negative,t2m_c,0.007558408,0.011784974657044867
false_negative,tcc,0.23763286,0.010775940820867474
false_negative,tcc_lag1,0.12873682,0.0
false_negative,tcc_lag3,0.0033881366,0.0
false_negative,tcc_roll6_mean,0.03291468,0.0
false_negative,tp_mm_lag1,3.0840347,0.31120517006460396
false_negative,tp_mm_lag3,0.039351817,0.011282933689613327
false_negative,tp_mm_lag6,0.03174882,0.0
false_negative,tp_mm_roll24_sum,0.037888102,0.0
false_negative,tp_mm_roll6_sum,0.31508252,0.04807626989028695
false_negative,u10,0.02118652,0.0
false_negative,v10,0.105446115,0.0
false_negative,wind_speed_10m,0.02110653,0.0
false_negative,wind_speed_10m_lag1,0.0040832567,0.0
false_negative,wind_speed_10m_lag3,0.0022752953,0.0
false_negative,wind_speed_10m_roll6_max,0.004118464,0.0
false_negative,wind_speed_10m_roll6_mean,0.00095439784,0.0
false_positive,d2m_c,0.02532022,0.0
false_positive,d2m_c_lag1,0.013527509,0.0
false_positive,d2m_c_lag3,0.002259731,0.0
false_positive,d2m_c_roll6_mean,0.0011059587,0.0
false_positive,dayofyear,0.017251493,0.0
false_positive,hour,0.015167747,0.0
false_positive,hour_cos,0.03693666,0.016089604421047572
false_positive,hour_sin,0.043216977,0.0
false_positive,month,0.00071964215,0.0
false_positive,month_cos,0.06485818,0.0
false_positive,month_sin,0.0011131441,0.0
false_positive,msl_hpa,0.08584417,0.01730747471361636
false_positive,msl_hpa_lag1,0.0471627,0.01845385856752746
false_positive,msl_hpa_lag3,0.020246416,0.0
false_positive,msl_hpa_lag6,0.07825069,0.0
false_positive,msl_hpa_roll6_mean,0.011159942,0.0
false_positive,sp_hpa,0.054999802,0.01848406565243278
false_positive,t2m_c,0.0018279173,0.010356768293878752
false_positive,tcc,0.23083456,0.024901469049589283
false_positive,tcc_lag1,0.04941176,0.0
false_positive,tcc_lag3,0.019894067,0.0
false_positive,tcc_roll6_mean,0.0765202,0.01724396644952251
false_positive,tp_mm_lag1,3.4344144,0.3049584341893355
false_positive,tp_mm_lag3,0.118062936,0.013915556882825794
false_positive,tp_mm_lag6,0.03399592,0.0
false_positive,tp_mm_roll24_sum,0.032523986,0.0
false_positive,tp_mm_roll6_sum,0.41074997,0.04215482928721756
false_positive,u10,0.030256987,0.0
false_positive,v10,0.01110126,0.0
false_positive,wind_speed_10m,0.0037605965,0.0
false_positive,wind_speed_10m_lag1,0.00061653997,0.0
false_positive,wind_speed_10m_lag3,0.0026951313,0.0
false_positive,wind_speed_10m_roll6_max,0.002250548,0.0
false_positive,wind_speed_10m_roll6_mean,0.00037416068,0.0
true_negative,d2m_c,0.41940692,0.042209159436064084
true_negative,d2m_c_lag1,0.10158682,0.0
true_negative,d2m_c_lag3,0.08082626,0.0
true_negative,d2m_c_roll6_mean,0.061576545,0.0
true_negative,dayofyear,0.064198695,0.0
true_negative,hour,0.015653927,0.013136533397692317
true_negative,hour_cos,0.10821995,0.0
true_negative,hour_sin,0.010896109,0.0
true_negative,month,0.007721989,0.0
true_negative,month_cos,0.069254294,0.0
true_negative,month_sin,0.0013968954,0.0
true_negative,msl_hpa,0.18196511,0.0159513441250354
true_negative,msl_hpa_lag1,0.1706022,0.016646076404699846
true_negative,msl_hpa_lag3,0.052836858,0.0
true_negative,msl_hpa_lag6,0.026498586,0.0
true_negative,msl_hpa_roll6_mean,0.046490207,0.0
true_negative,sp_hpa,0.12247848,0.0
true_negative,t2m_c,0.13712071,0.01595600705571593
true_negative,tcc,0.47913554,0.03307636758983583
true_negative,tcc_lag1,0.017378617,0.0
true_negative,tcc_lag3,0.004356639,0.0
true_negative,tcc_roll6_mean,0.029206946,0.0
true_negative,tp_mm_lag1,2.6553314,0.1538338635900387
true_negative,tp_mm_lag3,0.042061195,0.015190086924378347
true_negative,tp_mm_lag6,0.024204867,0.0
true_negative,tp_mm_roll24_sum,0.10007928,0.0
true_negative,tp_mm_roll6_sum,0.64508426,0.023038770826223177
true_negative,u10,0.01911316,0.0
true_negative,v10,0.034429,0.013846362057563824
true_negative,wind_speed_10m,0.020811357,0.0
true_negative,wind_speed_10m_lag1,0.0035648504,0.0
true_negative,wind_speed_10m_lag3,0.0024593624,0.0
true_negative,wind_speed_10m_roll6_max,0.042424932,0.0
true_negative,wind_speed_10m_roll6_mean,0.0033126066,0.0
true_positive,d2m_c,0.05294527,0.037456337786199265
true_positive,d2m_c_lag1,0.014495541,0.0
true_positive,d2m_c_lag3,0.01814258,0.0
true_positive,d2m_c_roll6_mean,0.0015185558,0.0
true_positive,dayofyear,0.01788999,0.0
true_positive,hour,0.07645165,0.0
true_positive,hour_cos,0.03809982,0.0
true_positive,hour_sin,0.01723037,0.0
true_positive,month,0.002170721,0.0
true_positive,month_cos,0.02147705,0.0
true_positive,month_sin,0.00024988013,0.0
true_positive,msl_hpa,0.04327461,0.02583610196549457
true_positive,msl_hpa_lag1,0.02935504,0.023089815044872678
true_positive,msl_hpa_lag3,0.009691695,0.0
true_positive,msl_hpa_lag6,0.0055307914,0.0
true_positive,msl_hpa_roll6_mean,0.008549288,0.0
true_positive,sp_hpa,0.039308533,0.010684332457042412
true_positive,t2m_c,0.009582198,0.0
true_positive,tcc,0.14491405,0.018594312244796917
true_positive,tcc_lag1,0.03589194,0.0
true_positive,tcc_lag3,0.018661778,0.0
true_positive,tcc_roll6_mean,0.0689256,0.011509264244432839
true_positive,tp_mm_lag1,3.4402833,0.3017550181678154
true_positive,tp_mm_lag3,0.09092678,0.013672888104684311
true_positive,tp_mm_lag6,0.025287947,0.0
true_positive,tp_mm_roll24_sum,0.026572566,0.011006631703136404
true_positive,tp_mm_roll6_sum,0.39842963,0.046882304816458796
true_positive,u10,0.0065519065,0.0
true_positive,v10,0.009896346,0.0
true_positive,wind_speed_10m,0.0045020855,0.0
true_positive,wind_speed_10m_lag1,0.00061643764,0.0
true_positive,wind_speed_10m_lag3,0.0010086333,0.0
true_positive,wind_speed_10m_roll6_max,0.0087954,0.0
true_positive,wind_speed_10m_roll6_mean,0.0008079567,0.0
